,countryA_alpha2,countryB_alpha2,metric
0,UA,CO,0.0
1,UA,KR,0.3
2,UA,US,0.0
3,UA,BG,0.0
4,UA,BZ,0.0
5,UA,AU,0.02
6,UA,JP,0.08
7,UA,NL,0.02
8,UA,HK,0.0
9,UA,LT,0.02
10,UA,RO,0.0
11,UA,KE,0.0
12,UA,ES,0.02
13,UA,VN,0.0
14,UA,MX,0.0
15,UA,PE,0.0
16,UA,SE,0.0
17,UA,NZ,0.0
18,UA,FR,0.0
19,UA,ID,0.0
20,UA,ZA,0.02
21,UA,HU,0.0
22,UA,SK,0.0
23,UA,CL,0.02
24,UA,CN,0.08
25,UA,LU,0.0
26,UA,IN,0.08
27,UA,SG,0.0
28,UA,TW,0.0
29,UA,MD,0.0
30,UA,NO,0.0
31,UA,RU,0.14
32,UA,AD,0.0
33,UA,CA,0.0
34,UA,RS,0.0
35,UA,FI,0.0
36,UA,MY,0.0
37,UA,BE,0.0
38,UA,IS,0.02
39,UA,VE,0.04
40,UA,PT,0.0
41,UA,DK,0.0
42,UA,CZ,0.0
43,UA,IL,0.0
44,UA,TR,0.04
45,UA,PL,0.0
46,UA,DZ,0.0
47,UA,BR,0.0
48,UA,SC,0.02
49,UA,SA,0.06
50,UA,AT,0.0
51,UA,GR,0.0
52,UA,CR,0.0
53,UA,LI,0.0
54,CO,KR,0.44
55,CO,US,0.0
56,CO,BG,0.0
57,CO,BZ,0.0
58,CO,AU,0.08
59,CO,JP,0.08
60,CO,NL,0.06
61,CO,HK,0.04
62,CO,LT,0.04
63,CO,RO,0.0
64,CO,KE,0.0
65,CO,ES,0.04
66,CO,VN,0.0
67,CO,MX,0.02
68,CO,PE,0.0
69,CO,SE,0.04
70,CO,NZ,0.0
71,CO,FR,0.02
72,CO,ID,0.0
73,CO,ZA,0.02
74,CO,HU,0.02
75,CO,SK,0.02
76,CO,CL,0.02
77,CO,CN,0.18
78,CO,LU,0.02
79,CO,IN,0.16
80,CO,SG,0.02
81,CO,TW,0.02
82,CO,MD,0.02
83,CO,NO,0.0
84,CO,RU,0.16
85,CO,AD,0.0
86,CO,CA,0.0
87,CO,RS,0.0
88,CO,FI,0.02
89,CO,MY,0.0
90,CO,BE,0.02
91,CO,IS,0.0
92,CO,VE,0.02
93,CO,PT,0.0
94,CO,DK,0.0
95,CO,CZ,0.0
96,CO,IL,0.0
97,CO,TR,0.04
98,CO,PL,0.0
99,CO,DZ,0.0
100,CO,BR,0.02
101,CO,SC,0.02
102,CO,SA,0.02
103,CO,AT,0.0
104,CO,GR,0.0
105,CO,CR,0.0
106,CO,LI,0.0
107,KR,US,0.0
108,KR,BG,0.0
109,KR,BZ,0.0
110,KR,AU,0.04
111,KR,JP,0.12
112,KR,NL,0.14
113,KR,HK,0.1
114,KR,LT,0.04
115,KR,RO,0.02
116,KR,KE,0.0
117,KR,ES,0.06
118,KR,VN,0.0
119,KR,MX,0.02
120,KR,PE,0.0
121,KR,SE,0.06
122,KR,NZ,0.06
123,KR,FR,0.06
124,KR,ID,0.02
125,KR,ZA,0.02
126,KR,HU,0.0
127,KR,SK,0.0
128,KR,CL,0.02
129,KR,CN,0.22
130,KR,LU,0.06
131,KR,IN,0.26
132,KR,SG,0.02
133,KR,TW,0.06
134,KR,MD,0.04
135,KR,NO,0.0
136,KR,RU,0.18
137,KR,AD,0.0
138,KR,CA,0.0
139,KR,RS,0.0
140,KR,FI,0.02
141,KR,MY,0.0
142,KR,BE,0.02
143,KR,IS,0.0
144,KR,VE,0.02
145,KR,PT,0.0
146,KR,DK,0.0
147,KR,CZ,0.0
148,KR,IL,0.0
149,KR,TR,0.02
150,KR,PL,0.04
151,KR,DZ,0.0
152,KR,BR,0.04
153,KR,SC,0.02
154,KR,SA,0.0
155,KR,AT,0.02
156,KR,GR,0.0
157,KR,CR,0.02
158,KR,LI,0.0
159,US,BG,0.0
160,US,BZ,0.0
161,US,AU,0.1
162,US,JP,0.12
163,US,NL,0.14
164,US,HK,0.06
165,US,LT,0.04
166,US,RO,0.02
167,US,KE,0.0
168,US,ES,0.04
169,US,VN,0.0
170,US,MX,0.04
171,US,PE,0.02
172,US,SE,0.06
173,US,NZ,0.02
174,US,FR,0.02
175,US,ID,0.0
176,US,ZA,0.02
177,US,HU,0.02
178,US,SK,0.02
179,US,CL,0.02
180,US,CN,0.28
181,US,LU,0.02
182,US,IN,0.24
183,US,SG,0.02
184,US,TW,0.04
185,US,MD,0.02
186,US,NO,0.02
187,US,RU,0.16
188,US,AD,0.0
189,US,CA,0.0
190,US,RS,0.0
191,US,FI,0.02
192,US,MY,0.0
193,US,BE,0.02
194,US,IS,0.0
195,US,VE,0.0
196,US,PT,0.0
197,US,DK,0.0
198,US,CZ,0.0
199,US,IL,0.0
200,US,TR,0.04
201,US,PL,0.0
202,US,DZ,0.0
203,US,BR,0.04
204,US,SC,0.02
205,US,SA,0.04
206,US,AT,0.0
207,US,GR,0.0
208,US,CR,0.0
209,US,LI,0.0
210,BG,BZ,0.0
211,BG,AU,0.08
212,BG,JP,0.04
213,BG,NL,0.06
214,BG,HK,0.02
215,BG,LT,0.02
216,BG,RO,0.0
217,BG,KE,0.0
218,BG,ES,0.02
219,BG,VN,0.0
220,BG,MX,0.0
221,BG,PE,0.0
222,BG,SE,0.0
223,BG,NZ,0.02
224,BG,FR,0.0
225,BG,ID,0.0
226,BG,ZA,0.02
227,BG,HU,0.0
228,BG,SK,0.0
229,BG,CL,0.02
230,BG,CN,0.14
231,BG,LU,0.0
232,BG,IN,0.14
233,BG,SG,0.0
234,BG,TW,0.0
235,BG,MD,0.0
236,BG,NO,0.0
237,BG,RU,0.12
238,BG,AD,0.0
239,BG,CA,0.0
240,BG,RS,0.0
241,BG,FI,0.0
242,BG,MY,0.0
243,BG,BE,0.0
244,BG,IS,0.0
245,BG,VE,0.02
246,BG,PT,0.0
247,BG,DK,0.0
248,BG,CZ,0.0
249,BG,IL,0.0
250,BG,TR,0.06
251,BG,PL,0.0
252,BG,DZ,0.0
253,BG,BR,0.02
254,BG,SC,0.02
255,BG,SA,0.1
256,BG,AT,0.0
257,BG,GR,0.0
258,BG,CR,0.0
259,BG,LI,0.0
260,BZ,AU,0.0
261,BZ,JP,0.0
262,BZ,NL,0.0
263,BZ,HK,0.0
264,BZ,LT,0.0
265,BZ,RO,0.0
266,BZ,KE,0.0
267,BZ,ES,0.0
268,BZ,VN,0.0
269,BZ,MX,0.0
270,BZ,PE,0.0
271,BZ,SE,0.0
272,BZ,NZ,0.0
273,BZ,FR,0.0
274,BZ,ID,0.0
275,BZ,ZA,0.0
276,BZ,HU,0.0
277,BZ,SK,0.0
278,BZ,CL,0.0
279,BZ,CN,0.0
280,BZ,LU,0.0
281,BZ,IN,0.0
282,BZ,SG,0.0
283,BZ,TW,0.0
284,BZ,MD,0.0
285,BZ,NO,0.0
286,BZ,RU,0.0
287,BZ,AD,0.0
288,BZ,CA,0.0
289,BZ,RS,0.0
290,BZ,FI,0.0
291,BZ,MY,0.0
292,BZ,BE,0.0
293,BZ,IS,0.0
294,BZ,VE,0.0
295,BZ,PT,0.0
296,BZ,DK,0.0
297,BZ,CZ,0.0
298,BZ,IL,0.0
299,BZ,TR,0.0
300,BZ,PL,0.0
301,BZ,DZ,0.0
302,BZ,BR,0.0
303,BZ,SC,0.0
304,BZ,SA,0.0
305,BZ,AT,0.0
306,BZ,GR,0.0
307,BZ,CR,0.0
308,BZ,LI,0.0
309,AU,JP,0.08
310,AU,NL,0.1
311,AU,HK,0.06
312,AU,LT,0.04
313,AU,RO,0.0
314,AU,KE,0.0
315,AU,ES,0.04
316,AU,VN,0.0
317,AU,MX,0.02
318,AU,PE,0.0
319,AU,SE,0.04
320,AU,NZ,0.0
321,AU,FR,0.02
322,AU,ID,0.0
323,AU,ZA,0.02
324,AU,HU,0.02
325,AU,SK,0.02
326,AU,CL,0.02
327,AU,CN,0.22
328,AU,LU,0.02
329,AU,IN,0.14
330,AU,SG,0.02
331,AU,TW,0.02
332,AU,MD,0.0
333,AU,NO,0.0
334,AU,RU,0.18
335,AU,AD,0.0
336,AU,CA,0.0
337,AU,RS,0.0
338,AU,FI,0.02
339,AU,MY,0.0
340,AU,BE,0.02
341,AU,IS,0.0
342,AU,VE,0.0
343,AU,PT,0.0
344,AU,DK,0.0
345,AU,CZ,0.0
346,AU,IL,0.0
347,AU,TR,0.04
348,AU,PL,0.0
349,AU,DZ,0.0
350,AU,BR,0.02
351,AU,SC,0.02
352,AU,SA,0.04
353,AU,AT,0.0
354,AU,GR,0.0
355,AU,CR,0.0
356,AU,LI,0.0
357,JP,NL,0.18
358,JP,HK,0.12
359,JP,LT,0.04
360,JP,RO,0.02
361,JP,KE,0.0
362,JP,ES,0.04
363,JP,VN,0.0
364,JP,MX,0.02
365,JP,PE,0.0
366,JP,SE,0.06
367,JP,NZ,0.04
368,JP,FR,0.06
369,JP,ID,0.02
370,JP,ZA,0.02
371,JP,HU,0.02
372,JP,SK,0.02
373,JP,CL,0.02
374,JP,CN,0.28
375,JP,LU,0.04
376,JP,IN,0.34
377,JP,SG,0.02
378,JP,TW,0.08
379,JP,MD,0.06
380,JP,NO,0.0
381,JP,RU,0.2
382,JP,AD,0.0
383,JP,CA,0.0
384,JP,RS,0.0
385,JP,FI,0.02
386,JP,MY,0.0
387,JP,BE,0.02
388,JP,IS,0.0
389,JP,VE,0.04
390,JP,PT,0.0
391,JP,DK,0.0
392,JP,CZ,0.0
393,JP,IL,0.0
394,JP,TR,0.04
395,JP,PL,0.04
396,JP,DZ,0.0
397,JP,BR,0.04
398,JP,SC,0.02
399,JP,SA,0.04
400,JP,AT,0.02
401,JP,GR,0.0
402,JP,CR,0.02
403,JP,LI,0.0
404,NL,HK,0.06
405,NL,LT,0.02
406,NL,RO,0.0
407,NL,KE,0.0
408,NL,ES,0.02
409,NL,VN,0.0
410,NL,MX,0.0
411,NL,PE,0.0
412,NL,SE,0.0
413,NL,NZ,0.02
414,NL,FR,0.0
415,NL,ID,0.0
416,NL,ZA,0.02
417,NL,HU,0.02
418,NL,SK,0.02
419,NL,CL,0.02
420,NL,CN,0.18
421,NL,LU,0.0
422,NL,IN,0.16
423,NL,SG,0.0
424,NL,TW,0.0
425,NL,MD,0.0
426,NL,NO,0.0
427,NL,RU,0.2
428,NL,AD,0.0
429,NL,CA,0.0
430,NL,RS,0.0
431,NL,FI,0.0
432,NL,MY,0.0
433,NL,BE,0.0
434,NL,IS,0.02
435,NL,VE,0.06
436,NL,PT,0.0
437,NL,DK,0.0
438,NL,CZ,0.0
439,NL,IL,0.0
440,NL,TR,0.06
441,NL,PL,0.0
442,NL,DZ,0.0
443,NL,BR,0.02
444,NL,SC,0.04
445,NL,SA,0.12
446,NL,AT,0.0
447,NL,GR,0.0
448,NL,CR,0.0
449,NL,LI,0.0
450,HK,LT,0.04
451,HK,RO,0.02
452,HK,KE,0.0
453,HK,ES,0.04
454,HK,VN,0.0
455,HK,MX,0.02
456,HK,PE,0.0
457,HK,SE,0.06
458,HK,NZ,0.04
459,HK,FR,0.04
460,HK,ID,0.0
461,HK,ZA,0.02
462,HK,HU,0.02
463,HK,SK,0.04
464,HK,CL,0.02
465,HK,CN,0.16
466,HK,LU,0.04
467,HK,IN,0.24
468,HK,SG,0.04
469,HK,TW,0.02
470,HK,MD,0.0
471,HK,NO,0.0
472,HK,RU,0.16
473,HK,AD,0.0
474,HK,CA,0.0
475,HK,RS,0.0
476,HK,FI,0.02
477,HK,MY,0.0
478,HK,BE,0.02
479,HK,IS,0.0
480,HK,VE,0.0
481,HK,PT,0.0
482,HK,DK,0.0
483,HK,CZ,0.0
484,HK,IL,0.0
485,HK,TR,0.02
486,HK,PL,0.02
487,HK,DZ,0.0
488,HK,BR,0.04
489,HK,SC,0.02
490,HK,SA,0.0
491,HK,AT,0.02
492,HK,GR,0.0
493,HK,CR,0.0
494,HK,LI,0.0
495,LT,RO,0.0
496,LT,KE,0.0
497,LT,ES,0.02
498,LT,VN,0.0
499,LT,MX,0.0
500,LT,PE,0.0
501,LT,SE,0.0
502,LT,NZ,0.0
503,LT,FR,0.0
504,LT,ID,0.0
505,LT,ZA,0.02
506,LT,HU,0.0
507,LT,SK,0.0
508,LT,CL,0.02
509,LT,CN,0.1
510,LT,LU,0.0
511,LT,IN,0.08
512,LT,SG,0.0
513,LT,TW,0.0
514,LT,MD,0.0
515,LT,NO,0.0
516,LT,RU,0.1
517,LT,AD,0.0
518,LT,CA,0.0
519,LT,RS,0.0
520,LT,FI,0.0
521,LT,MY,0.0
522,LT,BE,0.0
523,LT,IS,0.0
524,LT,VE,0.02
525,LT,PT,0.0
526,LT,DK,0.0
527,LT,CZ,0.0
528,LT,IL,0.0
529,LT,TR,0.02
530,LT,PL,0.0
531,LT,DZ,0.0
532,LT,BR,0.0
533,LT,SC,0.02
534,LT,SA,0.04
535,LT,AT,0.0
536,LT,GR,0.0
537,LT,CR,0.0
538,LT,LI,0.0
539,RO,KE,0.0
540,RO,ES,0.02
541,RO,VN,0.0
542,RO,MX,0.0
543,RO,PE,0.0
544,RO,SE,0.0
545,RO,NZ,0.02
546,RO,FR,0.0
547,RO,ID,0.0
548,RO,ZA,0.02
549,RO,HU,0.02
550,RO,SK,0.02
551,RO,CL,0.02
552,RO,CN,0.18
553,RO,LU,0.02
554,RO,IN,0.16
555,RO,SG,0.0
556,RO,TW,0.0
557,RO,MD,0.0
558,RO,NO,0.0
559,RO,RU,0.16
560,RO,AD,0.0
561,RO,CA,0.0
562,RO,RS,0.0
563,RO,FI,0.0
564,RO,MY,0.0
565,RO,BE,0.0
566,RO,IS,0.0
567,RO,VE,0.0
568,RO,PT,0.0
569,RO,DK,0.0
570,RO,CZ,0.0
571,RO,IL,0.0
572,RO,TR,0.08
573,RO,PL,0.0
574,RO,DZ,0.0
575,RO,BR,0.02
576,RO,SC,0.02
577,RO,SA,0.12
578,RO,AT,0.0
579,RO,GR,0.0
580,RO,CR,0.0
581,RO,LI,0.0
582,KE,ES,0.06
583,KE,VN,0.0
584,KE,MX,0.02
585,KE,PE,0.0
586,KE,SE,0.02
587,KE,NZ,0.0
588,KE,FR,0.02
589,KE,ID,0.0
590,KE,ZA,0.02
591,KE,HU,0.02
592,KE,SK,0.04
593,KE,CL,0.02
594,KE,CN,0.18
595,KE,LU,0.02
596,KE,IN,0.2
597,KE,SG,0.02
598,KE,TW,0.04
599,KE,MD,0.0
600,KE,NO,0.0
601,KE,RU,0.12
602,KE,AD,0.0
603,KE,CA,0.0
604,KE,RS,0.0
605,KE,FI,0.02
606,KE,MY,0.0
607,KE,BE,0.02
608,KE,IS,0.0
609,KE,VE,0.0
610,KE,PT,0.0
611,KE,DK,0.0
612,KE,CZ,0.0
613,KE,IL,0.0
614,KE,TR,0.06
615,KE,PL,0.0
616,KE,DZ,0.0
617,KE,BR,0.0
618,KE,SC,0.02
619,KE,SA,0.02
620,KE,AT,0.0
621,KE,GR,0.0
622,KE,CR,0.0
623,KE,LI,0.0
624,ES,VN,0.0
625,ES,MX,0.02
626,ES,PE,0.0
627,ES,SE,0.0
628,ES,NZ,0.02
629,ES,FR,0.0
630,ES,ID,0.0
631,ES,ZA,0.02
632,ES,HU,0.02
633,ES,SK,0.02
634,ES,CL,0.02
635,ES,CN,0.18
636,ES,LU,0.04
637,ES,IN,0.18
638,ES,SG,0.0
639,ES,TW,0.0
640,ES,MD,0.0
641,ES,NO,0.0
642,ES,RU,0.16
643,ES,AD,0.0
644,ES,CA,0.0
645,ES,RS,0.0
646,ES,FI,0.0
647,ES,MY,0.0
648,ES,BE,0.0
649,ES,IS,0.0
650,ES,VE,0.0
651,ES,PT,0.0
652,ES,DK,0.0
653,ES,CZ,0.0
654,ES,IL,0.0
655,ES,TR,0.08
656,ES,PL,0.02
657,ES,DZ,0.0
658,ES,BR,0.02
659,ES,SC,0.02
660,ES,SA,0.1
661,ES,AT,0.0
662,ES,GR,0.0
663,ES,CR,0.0
664,ES,LI,0.0
665,VN,MX,0.0
666,VN,PE,0.0
667,VN,SE,0.0
668,VN,NZ,0.0
669,VN,FR,0.02
670,VN,ID,0.0
671,VN,ZA,0.02
672,VN,HU,0.02
673,VN,SK,0.02
674,VN,CL,0.02
675,VN,CN,0.12
676,VN,LU,0.02
677,VN,IN,0.14
678,VN,SG,0.0
679,VN,TW,0.0
680,VN,MD,0.0
681,VN,NO,0.0
682,VN,RU,0.1
683,VN,AD,0.0
684,VN,CA,0.0
685,VN,RS,0.0
686,VN,FI,0.0
687,VN,MY,0.0
688,VN,BE,0.0
689,VN,IS,0.0
690,VN,VE,0.0
691,VN,PT,0.0
692,VN,DK,0.0
693,VN,CZ,0.0
694,VN,IL,0.0
695,VN,TR,0.04
696,VN,PL,0.0
697,VN,DZ,0.0
698,VN,BR,0.02
699,VN,SC,0.0
700,VN,SA,0.02
701,VN,AT,0.0
702,VN,GR,0.0
703,VN,CR,0.0
704,VN,LI,0.0
705,MX,PE,0.0
706,MX,SE,0.04
707,MX,NZ,0.0
708,MX,FR,0.02
709,MX,ID,0.0
710,MX,ZA,0.02
711,MX,HU,0.02
712,MX,SK,0.02
713,MX,CL,0.02
714,MX,CN,0.2
715,MX,LU,0.02
716,MX,IN,0.24
717,MX,SG,0.02
718,MX,TW,0.04
719,MX,MD,0.0
720,MX,NO,0.0
721,MX,RU,0.16
722,MX,AD,0.0
723,MX,CA,0.0
724,MX,RS,0.0
725,MX,FI,0.02
726,MX,MY,0.0
727,MX,BE,0.02
728,MX,IS,0.0
729,MX,VE,0.02
730,MX,PT,0.0
731,MX,DK,0.0
732,MX,CZ,0.0
733,MX,IL,0.0
734,MX,TR,0.04
735,MX,PL,0.0
736,MX,DZ,0.0
737,MX,BR,0.02
738,MX,SC,0.04
739,MX,SA,0.0
740,MX,AT,0.0
741,MX,GR,0.0
742,MX,CR,0.0
743,MX,LI,0.0
744,PE,SE,0.02
745,PE,NZ,0.0
746,PE,FR,0.02
747,PE,ID,0.0
748,PE,ZA,0.02
749,PE,HU,0.02
750,PE,SK,0.04
751,PE,CL,0.02
752,PE,CN,0.2
753,PE,LU,0.02
754,PE,IN,0.16
755,PE,SG,0.02
756,PE,TW,0.04
757,PE,MD,0.0
758,PE,NO,0.0
759,PE,RU,0.16
760,PE,AD,0.0
761,PE,CA,0.0
762,PE,RS,0.0
763,PE,FI,0.02
764,PE,MY,0.0
765,PE,BE,0.02
766,PE,IS,0.0
767,PE,VE,0.02
768,PE,PT,0.0
769,PE,DK,0.0
770,PE,CZ,0.0
771,PE,IL,0.0
772,PE,TR,0.04
773,PE,PL,0.0
774,PE,DZ,0.0
775,PE,BR,0.0
776,PE,SC,0.02
777,PE,SA,0.04
778,PE,AT,0.0
779,PE,GR,0.0
780,PE,CR,0.0
781,PE,LI,0.0
782,SE,NZ,0.02
783,SE,FR,0.02
784,SE,ID,0.0
785,SE,ZA,0.02
786,SE,HU,0.04
787,SE,SK,0.04
788,SE,CL,0.04
789,SE,CN,0.18
790,SE,LU,0.02
791,SE,IN,0.14
792,SE,SG,0.02
793,SE,TW,0.02
794,SE,MD,0.02
795,SE,NO,0.0
796,SE,RU,0.1
797,SE,AD,0.0
798,SE,CA,0.0
799,SE,RS,0.0
800,SE,FI,0.0
801,SE,MY,0.0
802,SE,BE,0.0
803,SE,IS,0.0
804,SE,VE,0.02
805,SE,PT,0.0
806,SE,DK,0.0
807,SE,CZ,0.0
808,SE,IL,0.0
809,SE,TR,0.06
810,SE,PL,0.02
811,SE,DZ,0.0
812,SE,BR,0.0
813,SE,SC,0.0
814,SE,SA,0.1
815,SE,AT,0.0
816,SE,GR,0.0
817,SE,CR,0.0
818,SE,LI,0.0
819,NZ,FR,0.02
820,NZ,ID,0.0
821,NZ,ZA,0.02
822,NZ,HU,0.02
823,NZ,SK,0.02
824,NZ,CL,0.02
825,NZ,CN,0.2
826,NZ,LU,0.02
827,NZ,IN,0.1
828,NZ,SG,0.02
829,NZ,TW,0.02
830,NZ,MD,0.0
831,NZ,NO,0.0
832,NZ,RU,0.1
833,NZ,AD,0.0
834,NZ,CA,0.0
835,NZ,RS,0.0
836,NZ,FI,0.02
837,NZ,MY,0.0
838,NZ,BE,0.02
839,NZ,IS,0.0
840,NZ,VE,0.0
841,NZ,PT,0.0
842,NZ,DK,0.0
843,NZ,CZ,0.0
844,NZ,IL,0.0
845,NZ,TR,0.04
846,NZ,PL,0.0
847,NZ,DZ,0.0
848,NZ,BR,0.0
849,NZ,SC,0.02
850,NZ,SA,0.06
851,NZ,AT,0.0
852,NZ,GR,0.0
853,NZ,CR,0.0
854,NZ,LI,0.0
855,FR,ID,0.0
856,FR,ZA,0.02
857,FR,HU,0.02
858,FR,SK,0.02
859,FR,CL,0.02
860,FR,CN,0.2
861,FR,LU,0.02
862,FR,IN,0.16
863,FR,SG,0.0
864,FR,TW,0.02
865,FR,MD,0.0
866,FR,NO,0.0
867,FR,RU,0.16
868,FR,AD,0.0
869,FR,CA,0.0
870,FR,RS,0.0
871,FR,FI,0.0
872,FR,MY,0.0
873,FR,BE,0.0
874,FR,IS,0.0
875,FR,VE,0.04
876,FR,PT,0.0
877,FR,DK,0.0
878,FR,CZ,0.0
879,FR,IL,0.0
880,FR,TR,0.06
881,FR,PL,0.0
882,FR,DZ,0.0
883,FR,BR,0.06
884,FR,SC,0.02
885,FR,SA,0.12
886,FR,AT,0.0
887,FR,GR,0.0
888,FR,CR,0.0
889,FR,LI,0.0
890,ID,ZA,0.04
891,ID,HU,0.02
892,ID,SK,0.0
893,ID,CL,0.04
894,ID,CN,0.08
895,ID,LU,0.0
896,ID,IN,0.16
897,ID,SG,0.0
898,ID,TW,0.0
899,ID,MD,0.02
900,ID,NO,0.0
901,ID,RU,0.1
902,ID,AD,0.0
903,ID,CA,0.0
904,ID,RS,0.0
905,ID,FI,0.0
906,ID,MY,0.0
907,ID,BE,0.0
908,ID,IS,0.0
909,ID,VE,0.0
910,ID,PT,0.0
911,ID,DK,0.0
912,ID,CZ,0.0
913,ID,IL,0.0
914,ID,TR,0.04
915,ID,PL,0.0
916,ID,DZ,0.0
917,ID,BR,0.0
918,ID,SC,0.02
919,ID,SA,0.0
920,ID,AT,0.0
921,ID,GR,0.0
922,ID,CR,0.0
923,ID,LI,0.0
924,ZA,HU,0.02
925,ZA,SK,0.02
926,ZA,CL,0.02
927,ZA,CN,0.2
928,ZA,LU,0.02
929,ZA,IN,0.12
930,ZA,SG,0.02
931,ZA,TW,0.02
932,ZA,MD,0.0
933,ZA,NO,0.0
934,ZA,RU,0.16
935,ZA,AD,0.0
936,ZA,CA,0.0
937,ZA,RS,0.0
938,ZA,FI,0.02
939,ZA,MY,0.0
940,ZA,BE,0.02
941,ZA,IS,0.0
942,ZA,VE,0.02
943,ZA,PT,0.0
944,ZA,DK,0.0
945,ZA,CZ,0.0
946,ZA,IL,0.0
947,ZA,TR,0.02
948,ZA,PL,0.0
949,ZA,DZ,0.0
950,ZA,BR,0.04
951,ZA,SC,0.02
952,ZA,SA,0.02
953,ZA,AT,0.0
954,ZA,GR,0.0
955,ZA,CR,0.0
956,ZA,LI,0.0
957,HU,SK,0.02
958,HU,CL,0.02
959,HU,CN,0.12
960,HU,LU,0.0
961,HU,IN,0.08
962,HU,SG,0.0
963,HU,TW,0.0
964,HU,MD,0.0
965,HU,NO,0.0
966,HU,RU,0.1
967,HU,AD,0.0
968,HU,CA,0.0
969,HU,RS,0.0
970,HU,FI,0.0
971,HU,MY,0.0
972,HU,BE,0.0
973,HU,IS,0.0
974,HU,VE,0.02
975,HU,PT,0.0
976,HU,DK,0.0
977,HU,CZ,0.0
978,HU,IL,0.0
979,HU,TR,0.04
980,HU,PL,0.0
981,HU,DZ,0.0
982,HU,BR,0.0
983,HU,SC,0.02
984,HU,SA,0.08
985,HU,AT,0.0
986,HU,GR,0.0
987,HU,CR,0.0
988,HU,LI,0.0
989,SK,CL,0.02
990,SK,CN,0.16
991,SK,LU,0.0
992,SK,IN,0.1
993,SK,SG,0.0
994,SK,TW,0.0
995,SK,MD,0.0
996,SK,NO,0.0
997,SK,RU,0.14
998,SK,AD,0.0
999,SK,CA,0.0
1000,SK,RS,0.0
1001,SK,FI,0.0
1002,SK,MY,0.0
1003,SK,BE,0.0
1004,SK,IS,0.0
1005,SK,VE,0.0
1006,SK,PT,0.0
1007,SK,DK,0.0
1008,SK,CZ,0.0
1009,SK,IL,0.0
1010,SK,TR,0.06
1011,SK,PL,0.0
1012,SK,DZ,0.0
1013,SK,BR,0.02
1014,SK,SC,0.02
1015,SK,SA,0.08
1016,SK,AT,0.0
1017,SK,GR,0.0
1018,SK,CR,0.0
1019,SK,LI,0.0
1020,CL,CN,0.2
1021,CL,LU,0.02
1022,CL,IN,0.12
1023,CL,SG,0.02
1024,CL,TW,0.02
1025,CL,MD,0.0
1026,CL,NO,0.0
1027,CL,RU,0.12
1028,CL,AD,0.0
1029,CL,CA,0.0
1030,CL,RS,0.0
1031,CL,FI,0.02
1032,CL,MY,0.0
1033,CL,BE,0.02
1034,CL,IS,0.0
1035,CL,VE,0.0
1036,CL,PT,0.0
1037,CL,DK,0.0
1038,CL,CZ,0.0
1039,CL,IL,0.0
1040,CL,TR,0.02
1041,CL,PL,0.0
1042,CL,DZ,0.0
1043,CL,BR,0.0
1044,CL,SC,0.02
1045,CL,SA,0.02
1046,CL,AT,0.0
1047,CL,GR,0.0
1048,CL,CR,0.0
1049,CL,LI,0.0
1050,CN,LU,0.04
1051,CN,IN,0.28
1052,CN,SG,0.02
1053,CN,TW,0.06
1054,CN,MD,0.08
1055,CN,NO,0.04
1056,CN,RU,0.12
1057,CN,AD,0.0
1058,CN,CA,0.0
1059,CN,RS,0.02
1060,CN,FI,0.02
1061,CN,MY,0.04
1062,CN,BE,0.02
1063,CN,IS,0.02
1064,CN,VE,0.0
1065,CN,PT,0.02
1066,CN,DK,0.04
1067,CN,CZ,0.04
1068,CN,IL,0.04
1069,CN,TR,0.02
1070,CN,PL,0.06
1071,CN,DZ,0.02
1072,CN,BR,0.1
1073,CN,SC,0.02
1074,CN,SA,0.0
1075,CN,AT,0.04
1076,CN,GR,0.0
1077,CN,CR,0.04
1078,CN,LI,0.02
1079,LU,IN,0.0
1080,LU,SG,0.0
1081,LU,TW,0.0
1082,LU,MD,0.0
1083,LU,NO,0.0
1084,LU,RU,0.0
1085,LU,AD,0.0
1086,LU,CA,0.0
1087,LU,RS,0.0
1088,LU,FI,0.0
1089,LU,MY,0.0
1090,LU,BE,0.0
1091,LU,IS,0.0
1092,LU,VE,0.0
1093,LU,PT,0.0
1094,LU,DK,0.0
1095,LU,CZ,0.0
1096,LU,IL,0.0
1097,LU,TR,0.0
1098,LU,PL,0.0
1099,LU,DZ,0.0
1100,LU,BR,0.0
1101,LU,SC,0.0
1102,LU,SA,0.0
1103,LU,AT,0.0
1104,LU,GR,0.0
1105,LU,CR,0.0
1106,LU,LI,0.0
1107,IN,SG,0.02
1108,IN,TW,0.02
1109,IN,MD,0.0
1110,IN,NO,0.0
1111,IN,RU,0.16
1112,IN,AD,0.0
1113,IN,CA,0.0
1114,IN,RS,0.0
1115,IN,FI,0.02
1116,IN,MY,0.0
1117,IN,BE,0.02
1118,IN,IS,0.0
1119,IN,VE,0.02
1120,IN,PT,0.0
1121,IN,DK,0.0
1122,IN,CZ,0.0
1123,IN,IL,0.0
1124,IN,TR,0.04
1125,IN,PL,0.0
1126,IN,DZ,0.0
1127,IN,BR,0.04
1128,IN,SC,0.0
1129,IN,SA,0.0
1130,IN,AT,0.0
1131,IN,GR,0.0
1132,IN,CR,0.0
1133,IN,LI,0.0
1134,SG,TW,0.04
1135,SG,MD,0.0
1136,SG,NO,0.0
1137,SG,RU,0.18
1138,SG,AD,0.0
1139,SG,CA,0.0
1140,SG,RS,0.0
1141,SG,FI,0.02
1142,SG,MY,0.0
1143,SG,BE,0.02
1144,SG,IS,0.0
1145,SG,VE,0.02
1146,SG,PT,0.0
1147,SG,DK,0.0
1148,SG,CZ,0.0
1149,SG,IL,0.0
1150,SG,TR,0.02
1151,SG,PL,0.0
1152,SG,DZ,0.0
1153,SG,BR,0.02
1154,SG,SC,0.02
1155,SG,SA,0.02
1156,SG,AT,0.0
1157,SG,GR,0.0
1158,SG,CR,0.0
1159,SG,LI,0.0
1160,TW,MD,0.0
1161,TW,NO,0.0
1162,TW,RU,0.14
1163,TW,AD,0.0
1164,TW,CA,0.0
1165,TW,RS,0.0
1166,TW,FI,0.02
1167,TW,MY,0.02
1168,TW,BE,0.04
1169,TW,IS,0.0
1170,TW,VE,0.0
1171,TW,PT,0.02
1172,TW,DK,0.0
1173,TW,CZ,0.0
1174,TW,IL,0.02
1175,TW,TR,0.02
1176,TW,PL,0.04
1177,TW,DZ,0.0
1178,TW,BR,0.02
1179,TW,SC,0.02
1180,TW,SA,0.0
1181,TW,AT,0.02
1182,TW,GR,0.0
1183,TW,CR,0.0
1184,TW,LI,0.0
1185,MD,NO,0.0
1186,MD,RU,0.14
1187,MD,AD,0.0
1188,MD,CA,0.0
1189,MD,RS,0.0
1190,MD,FI,0.0
1191,MD,MY,0.0
1192,MD,BE,0.0
1193,MD,IS,0.02
1194,MD,VE,0.02
1195,MD,PT,0.0
1196,MD,DK,0.0
1197,MD,CZ,0.0
1198,MD,IL,0.0
1199,MD,TR,0.06
1200,MD,PL,0.0
1201,MD,DZ,0.0
1202,MD,BR,0.0
1203,MD,SC,0.02
1204,MD,SA,0.12
1205,MD,AT,0.0
1206,MD,GR,0.0
1207,MD,CR,0.0
1208,MD,LI,0.0
1209,NO,RU,0.1
1210,NO,AD,0.0
1211,NO,CA,0.0
1212,NO,RS,0.0
1213,NO,FI,0.0
1214,NO,MY,0.0
1215,NO,BE,0.0
1216,NO,IS,0.0
1217,NO,VE,0.02
1218,NO,PT,0.0
1219,NO,DK,0.0
1220,NO,CZ,0.0
1221,NO,IL,0.0
1222,NO,TR,0.04
1223,NO,PL,0.0
1224,NO,DZ,0.0
1225,NO,BR,0.0
1226,NO,SC,0.0
1227,NO,SA,0.08
1228,NO,AT,0.0
1229,NO,GR,0.0
1230,NO,CR,0.0
1231,NO,LI,0.0
1232,RU,AD,0.0
1233,RU,CA,0.0
1234,RU,RS,0.0
1235,RU,FI,0.0
1236,RU,MY,0.0
1237,RU,BE,0.0
1238,RU,IS,0.02
1239,RU,VE,0.02
1240,RU,PT,0.0
1241,RU,DK,0.0
1242,RU,CZ,0.0
1243,RU,IL,0.0
1244,RU,TR,0.02
1245,RU,PL,0.0
1246,RU,DZ,0.0
1247,RU,BR,0.0
1248,RU,SC,0.02
1249,RU,SA,0.02
1250,RU,AT,0.0
1251,RU,GR,0.0
1252,RU,CR,0.0
1253,RU,LI,0.0
1254,AD,CA,0.0
1255,AD,RS,0.0
1256,AD,FI,0.0
1257,AD,MY,0.0
1258,AD,BE,0.0
1259,AD,IS,0.0
1260,AD,VE,0.0
1261,AD,PT,0.0
1262,AD,DK,0.0
1263,AD,CZ,0.0
1264,AD,IL,0.0
1265,AD,TR,0.0
1266,AD,PL,0.0
1267,AD,DZ,0.0
1268,AD,BR,0.0
1269,AD,SC,0.0
1270,AD,SA,0.0
1271,AD,AT,0.0
1272,AD,GR,0.0
1273,AD,CR,0.0
1274,AD,LI,0.0
1275,CA,RS,0.0
1276,CA,FI,0.02
1277,CA,MY,0.0
1278,CA,BE,0.02
1279,CA,IS,0.0
1280,CA,VE,0.02
1281,CA,PT,0.0
1282,CA,DK,0.0
1283,CA,CZ,0.0
1284,CA,IL,0.0
1285,CA,TR,0.04
1286,CA,PL,0.0
1287,CA,DZ,0.0
1288,CA,BR,0.04
1289,CA,SC,0.02
1290,CA,SA,0.04
1291,CA,AT,0.0
1292,CA,GR,0.0
1293,CA,CR,0.0
1294,CA,LI,0.0
1295,RS,FI,0.02
1296,RS,MY,0.0
1297,RS,BE,0.02
1298,RS,IS,0.0
1299,RS,VE,0.0
1300,RS,PT,0.0
1301,RS,DK,0.0
1302,RS,CZ,0.0
1303,RS,IL,0.0
1304,RS,TR,0.06
1305,RS,PL,0.0
1306,RS,DZ,0.0
1307,RS,BR,0.02
1308,RS,SC,0.02
1309,RS,SA,0.08
1310,RS,AT,0.0
1311,RS,GR,0.0
1312,RS,CR,0.0
1313,RS,LI,0.0
1314,FI,MY,0.0
1315,FI,BE,0.0
1316,FI,IS,0.02
1317,FI,VE,0.02
1318,FI,PT,0.0
1319,FI,DK,0.0
1320,FI,CZ,0.0
1321,FI,IL,0.0
1322,FI,TR,0.04
1323,FI,PL,0.0
1324,FI,DZ,0.0
1325,FI,BR,0.0
1326,FI,SC,0.0
1327,FI,SA,0.08
1328,FI,AT,0.0
1329,FI,GR,0.0
1330,FI,CR,0.0
1331,FI,LI,0.0
1332,MY,BE,0.02
1333,MY,IS,0.0
1334,MY,VE,0.0
1335,MY,PT,0.0
1336,MY,DK,0.0
1337,MY,CZ,0.0
1338,MY,IL,0.0
1339,MY,TR,0.04
1340,MY,PL,0.0
1341,MY,DZ,0.0
1342,MY,BR,0.0
1343,MY,SC,0.02
1344,MY,SA,0.0
1345,MY,AT,0.0
1346,MY,GR,0.0
1347,MY,CR,0.0
1348,MY,LI,0.0
1349,BE,IS,0.0
1350,BE,VE,0.02
1351,BE,PT,0.0
1352,BE,DK,0.0
1353,BE,CZ,0.0
1354,BE,IL,0.0
1355,BE,TR,0.06
1356,BE,PL,0.0
1357,BE,DZ,0.0
1358,BE,BR,0.04
1359,BE,SC,0.02
1360,BE,SA,0.12
1361,BE,AT,0.0
1362,BE,GR,0.0
1363,BE,CR,0.0
1364,BE,LI,0.0
1365,IS,VE,0.0
1366,IS,PT,0.0
1367,IS,DK,0.0
1368,IS,CZ,0.0
1369,IS,IL,0.0
1370,IS,TR,0.0
1371,IS,PL,0.0
1372,IS,DZ,0.0
1373,IS,BR,0.0
1374,IS,SC,0.0
1375,IS,SA,0.0
1376,IS,AT,0.0
1377,IS,GR,0.0
1378,IS,CR,0.0
1379,IS,LI,0.0
1380,VE,PT,0.0
1381,VE,DK,0.0
1382,VE,CZ,0.0
1383,VE,IL,0.0
1384,VE,TR,0.04
1385,VE,PL,0.0
1386,VE,DZ,0.0
1387,VE,BR,0.0
1388,VE,SC,0.0
1389,VE,SA,0.02
1390,VE,AT,0.0
1391,VE,GR,0.0
1392,VE,CR,0.0
1393,VE,LI,0.0
1394,PT,DK,0.0
1395,PT,CZ,0.0
1396,PT,IL,0.0
1397,PT,TR,0.06
1398,PT,PL,0.0
1399,PT,DZ,0.0
1400,PT,BR,0.02
1401,PT,SC,0.02
1402,PT,SA,0.08
1403,PT,AT,0.0
1404,PT,GR,0.0
1405,PT,CR,0.0
1406,PT,LI,0.0
1407,DK,CZ,0.0
1408,DK,IL,0.0
1409,DK,TR,0.04
1410,DK,PL,0.0
1411,DK,DZ,0.0
1412,DK,BR,0.0
1413,DK,SC,0.0
1414,DK,SA,0.08
1415,DK,AT,0.0
1416,DK,GR,0.0
1417,DK,CR,0.0
1418,DK,LI,0.0
1419,CZ,IL,0.0
1420,CZ,TR,0.06
1421,CZ,PL,0.0
1422,CZ,DZ,0.0
1423,CZ,BR,0.02
1424,CZ,SC,0.02
1425,CZ,SA,0.1
1426,CZ,AT,0.0
1427,CZ,GR,0.0
1428,CZ,CR,0.0
1429,CZ,LI,0.0
1430,IL,TR,0.02
1431,IL,PL,0.0
1432,IL,DZ,0.0
1433,IL,BR,0.0
1434,IL,SC,0.02
1435,IL,SA,0.02
1436,IL,AT,0.0
1437,IL,GR,0.0
1438,IL,CR,0.0
1439,IL,LI,0.0
1440,TR,PL,0.02
1441,TR,DZ,0.02
1442,TR,BR,0.02
1443,TR,SC,0.04
1444,TR,SA,0.0
1445,TR,AT,0.02
1446,TR,GR,0.02
1447,TR,CR,0.02
1448,TR,LI,0.0
1449,PL,DZ,0.0
1450,PL,BR,0.02
1451,PL,SC,0.04
1452,PL,SA,0.1
1453,PL,AT,0.02
1454,PL,GR,0.0
1455,PL,CR,0.0
1456,PL,LI,0.0
1457,DZ,BR,0.02
1458,DZ,SC,0.02
1459,DZ,SA,0.06
1460,DZ,AT,0.0
1461,DZ,GR,0.0
1462,DZ,CR,0.0
1463,DZ,LI,0.0
1464,BR,SC,0.02
1465,BR,SA,0.08
1466,BR,AT,0.0
1467,BR,GR,0.0
1468,BR,CR,0.0
1469,BR,LI,0.0
1470,SC,SA,0.0
1471,SC,AT,0.0
1472,SC,GR,0.0
1473,SC,CR,0.0
1474,SC,LI,0.0
1475,SA,AT,0.0
1476,SA,GR,0.0
1477,SA,CR,0.0
1478,SA,LI,0.0
1479,AT,GR,0.0
1480,AT,CR,0.0
1481,AT,LI,0.0
1482,GR,CR,0.0
1483,GR,LI,0.0
1484,CR,LI,0.0
