pair,country_code_alpha2_A,country_code_alpha2_B,Overall_Similarity,country_code_alpha3_A,country_code_alpha3_B
"('NO', 'DK')",NO,DK,0.9988846045081479,NOR,DNK
"('CO', 'PE')",CO,PE,0.9986194764786314,COL,PER
"('LT', 'NZ')",LT,NZ,0.9982555255992049,LTU,NZL
"('RO', 'FR')",RO,FR,0.9980551624373719,ROU,FRA
"('FR', 'BE')",FR,BE,0.9977124779685324,FRA,BEL
"('FR', 'CA')",FR,CA,0.997616825294983,FRA,CAN
"('ES', 'MD')",ES,MD,0.9975198448284195,ESP,MDA
"('NL', 'IL')",NL,IL,0.9974954798176169,NLD,ISR
"('LU', 'NO')",LU,NO,0.9974867810597485,LUX,NOR
"('NL', 'HU')",NL,HU,0.9974386562604588,NLD,HUN
"('BE', 'GR')",BE,GR,0.9974225625051865,BEL,GRC
"('SE', 'FR')",SE,FR,0.9973379400810233,SWE,FRA
"('SE', 'NO')",SE,NO,0.997240499479047,SWE,NOR
"('CA', 'GR')",CA,GR,0.9970042513228696,CAN,GRC
"('LT', 'HU')",LT,HU,0.9969828980553138,LTU,HUN
"('ES', 'HU')",ES,HU,0.9967582849700672,ESP,HUN
"('FR', 'LU')",FR,LU,0.9966146438613203,FRA,LUX
"('CO', 'KE')",CO,KE,0.9964333860115995,COL,KEN
"('NZ', 'HU')",NZ,HU,0.9964272879006656,NZL,HUN
"('KE', 'NZ')",KE,NZ,0.9963876210454088,KEN,NZL
"('JP', 'NZ')",JP,NZ,0.9963693906534666,JPN,NZL
"('US', 'HU')",US,HU,0.9963373025816877,USA,HUN
"('AU', 'HU')",AU,HU,0.996243730551952,AUS,HUN
"('US', 'LT')",US,LT,0.9961003582963696,USA,LTU
"('CA', 'BE')",CA,BE,0.9960923645056242,CAN,BEL
"('RO', 'CA')",RO,CA,0.9960475645383636,ROU,CAN
"('HU', 'MD')",HU,MD,0.9960137852123638,HUN,MDA
"('SE', 'LU')",SE,LU,0.9959864863885852,SWE,LUX
"('SE', 'CA')",SE,CA,0.9958157909946365,SWE,CAN
"('LU', 'DK')",LU,DK,0.9958118357601957,LUX,DNK
"('FR', 'NO')",FR,NO,0.9957311017350127,FRA,NOR
"('LT', 'KE')",LT,KE,0.9955301286252722,LTU,KEN
"('LU', 'BE')",LU,BE,0.9954452918651109,LUX,BEL
"('KE', 'PE')",KE,PE,0.9954343921838732,KEN,PER
"('SE', 'DK')",SE,DK,0.9954230368746819,SWE,DNK
"('US', 'NZ')",US,NZ,0.9953071183217651,USA,NZL
"('FR', 'GR')",FR,GR,0.9952991612944395,FRA,GRC
"('RO', 'SE')",RO,SE,0.9952249058948487,ROU,SWE
"('CO', 'NZ')",CO,NZ,0.9951908266273437,COL,NZL
"('AU', 'MD')",AU,MD,0.9950200506565583,AUS,MDA
"('US', 'NL')",US,NL,0.9949652201278921,USA,NLD
"('HU', 'IL')",HU,IL,0.9949578523851028,HUN,ISR
"('DK', 'IL')",DK,IL,0.9948522189995634,DNK,ISR
"('CO', 'LT')",CO,LT,0.9945269207266115,COL,LTU
"('NL', 'LT')",NL,LT,0.9944925027152106,NLD,LTU
"('KE', 'AT')",KE,AT,0.9944844314362064,KEN,AUT
"('JP', 'HU')",JP,HU,0.9944169913767525,JPN,HUN
"('JP', 'KE')",JP,KE,0.9943033304513759,JPN,KEN
"('JP', 'MD')",JP,MD,0.9942856795528867,JPN,MDA
"('NZ', 'MD')",NZ,MD,0.994264159024549,NZL,MDA
"('KE', 'HU')",KE,HU,0.994262534406248,KEN,HUN
"('RO', 'BE')",RO,BE,0.9942441047245967,ROU,BEL
"('SE', 'BE')",SE,BE,0.9940954428347029,SWE,BEL
"('AU', 'JP')",AU,JP,0.9940949174590707,AUS,JPN
"('LT', 'ES')",LT,ES,0.9940676242082077,LTU,ESP
"('US', 'JP')",US,JP,0.9939590506684383,USA,JPN
"('NL', 'NZ')",NL,NZ,0.9939417240406536,NLD,NZL
"('AU', 'ES')",AU,ES,0.9938920047393933,AUS,ESP
"('ES', 'NZ')",ES,NZ,0.9938254119002509,ESP,NZL
"('LU', 'CA')",LU,CA,0.9938138478754182,LUX,CAN
"('JP', 'LT')",JP,LT,0.9937993175473384,JPN,LTU
"('US', 'AU')",US,AU,0.9936831196804038,USA,AUS
"('LT', 'PE')",LT,PE,0.9936686786544566,LTU,PER
"('US', 'AT')",US,AT,0.9935599706598021,USA,AUT
"('LT', 'MD')",LT,MD,0.9935567947971199,LTU,MDA
"('PE', 'NZ')",PE,NZ,0.9935049413252067,PER,NZL
"('NL', 'DK')",NL,DK,0.9934372010700624,NLD,DNK
"('NO', 'CA')",NO,CA,0.9934134417017991,NOR,CAN
"('CO', 'US')",CO,US,0.9933844968104159,COL,USA
"('US', 'MD')",US,MD,0.9932691622990043,USA,MDA
"('PE', 'AT')",PE,AT,0.9932449136564618,PER,AUT
"('CO', 'SC')",CO,SC,0.9932385840454525,COL,SYC
"('US', 'KE')",US,KE,0.9931764435056406,USA,KEN
"('US', 'PE')",US,PE,0.9931568371459091,USA,PER
"('NL', 'MX')",NL,MX,0.9930873383964314,NLD,MEX
"('NL', 'KE')",NL,KE,0.9929747630270477,NLD,KEN
"('MX', 'IS')",MX,IS,0.9929652867610412,MEX,ISL
"('CA', 'DK')",CA,DK,0.9929546887559938,CAN,DNK
"('FR', 'DK')",FR,DK,0.9929240539671901,FRA,DNK
"('RO', 'LU')",RO,LU,0.9928417917354336,ROU,LUX
"('KE', 'BR')",KE,BR,0.9928077607899548,KEN,BRA
"('PE', 'SC')",PE,SC,0.9927633018222541,PER,SYC
"('AU', 'LT')",AU,LT,0.9925954333952534,AUS,LTU
"('KE', 'MX')",KE,MX,0.9925729750574722,KEN,MEX
"('CO', 'AT')",CO,AT,0.9925289907611873,COL,AUT
"('JP', 'BR')",JP,BR,0.9924439886044605,JPN,BRA
"('MX', 'IL')",MX,IL,0.9924299666201346,MEX,ISR
"('IS', 'IL')",IS,IL,0.9923919278431093,ISL,ISR
"('JP', 'ES')",JP,ES,0.9923900625905051,JPN,ESP
"('RO', 'GR')",RO,GR,0.9923710075257299,ROU,GRC
"('NO', 'BE')",NO,BE,0.9922983461629878,NOR,BEL
"('NL', 'ES')",NL,ES,0.9922347482823409,NLD,ESP
"('US', 'ES')",US,ES,0.9922045322314847,USA,ESP
"('HU', 'AT')",HU,AT,0.9921681172445189,HUN,AUT
"('MX', 'NZ')",MX,NZ,0.99213205764827,MEX,NZL
"('NZ', 'BR')",NZ,BR,0.9919889752560435,NZL,BRA
"('JP', 'NL')",JP,NL,0.9918916099534114,JPN,NLD
"('NL', 'IS')",NL,IS,0.9918492458701028,NLD,ISL
"('RO', 'NO')",RO,NO,0.9918420029512972,ROU,NOR
"('AU', 'AT')",AU,AT,0.9918110494012777,AUS,AUT
"('AU', 'NZ')",AU,NZ,0.9918047972996297,AUS,NZL
"('KE', 'MD')",KE,MD,0.9917957985171951,KEN,MDA
"('LT', 'AT')",LT,AT,0.9916430400380692,LTU,AUT
"('JP', 'AT')",JP,AT,0.9915642383840562,JPN,AUT
"('MX', 'HU')",MX,HU,0.9914685549270944,MEX,HUN
"('HU', 'DK')",HU,DK,0.9914456125499991,HUN,DNK
"('MD', 'BR')",MD,BR,0.9913519994302821,MDA,BRA
"('NO', 'IL')",NO,IL,0.9912743873479429,NOR,ISR
"('AU', 'NL')",AU,NL,0.991221726103335,AUS,NLD
"('LT', 'MX')",LT,MX,0.9911894643754318,LTU,MEX
"('CO', 'JP')",CO,JP,0.9911295512833991,COL,JPN
"('SC', 'AT')",SC,AT,0.9909513036688254,SYC,AUT
"('BR', 'AT')",BR,AT,0.9909411672125518,BRA,AUT
"('LT', 'SC')",LT,SC,0.9908826299084393,LTU,SYC
"('LU', 'GR')",LU,GR,0.9907852943394293,LUX,GRC
"('NL', 'MD')",NL,MD,0.9906131626523702,NLD,MDA
"('LT', 'IL')",LT,IL,0.9905874754169647,LTU,ISR
"('NZ', 'IL')",NZ,IL,0.9905451257315456,NZL,ISR
"('NZ', 'AT')",NZ,AT,0.990469846612436,NZL,AUT
"('PE', 'BR')",PE,BR,0.9903307334052549,PER,BRA
"('AU', 'KE')",AU,KE,0.990304924590547,AUS,KEN
"('US', 'BR')",US,BR,0.9902728171489324,USA,BRA
"('MD', 'AT')",MD,AT,0.9902018538439259,MDA,AUT
"('JP', 'PE')",JP,PE,0.9901100327222652,JPN,PER
"('ES', 'IL')",ES,IL,0.9900924163414347,ESP,ISR
"('KE', 'SC')",KE,SC,0.990016150281631,KEN,SYC
"('CO', 'HU')",CO,HU,0.9899459120436901,COL,HUN
"('SE', 'GR')",SE,GR,0.9899436861818187,SWE,GRC
"('LT', 'BR')",LT,BR,0.9899231914412271,LTU,BRA
"('BE', 'DK')",BE,DK,0.9898475772937246,BEL,DNK
"('US', 'SC')",US,SC,0.9898274727469643,USA,SYC
"('CO', 'BR')",CO,BR,0.989618289431484,COL,BRA
"('NZ', 'IS')",NZ,IS,0.9894388635674148,NZL,ISL
"('NL', 'AT')",NL,AT,0.9893943890347985,NLD,AUT
"('AU', 'SE')",AU,SE,0.9892025409595716,AUS,SWE
"('NL', 'NO')",NL,NO,0.9891822879225718,NLD,NOR
"('KE', 'ES')",KE,ES,0.9891499813271855,KEN,ESP
"('IS', 'CZ')",IS,CZ,0.9891312632746504,ISL,CZE
"('KE', 'IL')",KE,IL,0.9889521635817448,KEN,ISR
"('RO', 'DK')",RO,DK,0.9887904018997339,ROU,DNK
"('AU', 'CA')",AU,CA,0.9887354521245927,AUS,CAN
"('HU', 'BR')",HU,BR,0.9887314477893743,HUN,BRA
"('US', 'IL')",US,IL,0.9886140103548676,USA,ISR
"('JP', 'MX')",JP,MX,0.9884527903371862,JPN,MEX
"('PE', 'HU')",PE,HU,0.9883953985924674,PER,HUN
"('NZ', 'SC')",NZ,SC,0.9883812973465915,NZL,SYC
"('CO', 'NL')",CO,NL,0.9883787288560899,COL,NLD
"('HU', 'NO')",HU,NO,0.9880944038289611,HUN,NOR
"('ES', 'BR')",ES,BR,0.9880227827591679,ESP,BRA
"('AU', 'IL')",AU,IL,0.9879648914796726,AUS,ISR
"('HU', 'SC')",HU,SC,0.9878663975368112,HUN,SYC
"('MX', 'BR')",MX,BR,0.9877698724925343,MEX,BRA
"('NO', 'GR')",NO,GR,0.9876734999774949,NOR,GRC
"('SE', 'IL')",SE,IL,0.9874017142134983,SWE,ISR
"('JP', 'IL')",JP,IL,0.9873980041688862,JPN,ISR
"('SE', 'HU')",SE,HU,0.9872744967523145,SWE,HUN
"('PE', 'CR')",PE,CR,0.9872037010579044,PER,CRI
"('AU', 'DK')",AU,DK,0.9871700121467234,AUS,DNK
"('LT', 'IS')",LT,IS,0.9870947968620799,LTU,ISL
"('KE', 'IS')",KE,IS,0.9870443394976016,KEN,ISL
"('IS', 'PT')",IS,PT,0.9869962669603669,ISL,PRT
"('MD', 'IL')",MD,IL,0.9869765176949162,MDA,ISR
"('CO', 'MD')",CO,MD,0.9868045977056297,COL,MDA
"('AU', 'RO')",AU,RO,0.9867269029706355,AUS,ROU
"('ES', 'MX')",ES,MX,0.9867156449240247,ESP,MEX
"('HU', 'IS')",HU,IS,0.9867117741497973,HUN,ISL
"('AU', 'BR')",AU,BR,0.9864810689574038,AUS,BRA
"('LU', 'IL')",LU,IL,0.9864771663293139,LUX,ISR
"('NL', 'PE')",NL,PE,0.9864186967932945,NLD,PER
"('US', 'MX')",US,MX,0.9863282996286379,USA,MEX
"('DK', 'GR')",DK,GR,0.9861252479919865,DNK,GRC
"('NL', 'BR')",NL,BR,0.9860920799022838,NLD,BRA
"('CO', 'AU')",CO,AU,0.9860218428314027,COL,AUS
"('PE', 'MD')",PE,MD,0.985647580215995,PER,MDA
"('HU', 'CA')",HU,CA,0.9856326383366749,HUN,CAN
"('NL', 'SE')",NL,SE,0.9856276222093167,NLD,SWE
"('CO', 'MX')",CO,MX,0.9856237948998999,COL,MEX
"('MX', 'MD')",MX,MD,0.985484751622209,MEX,MDA
"('ES', 'AT')",ES,AT,0.9851623857444258,ESP,AUT
"('AU', 'NO')",AU,NO,0.9851072879330113,AUS,NOR
"('MX', 'AT')",MX,AT,0.9850636833036274,MEX,AUT
"('AU', 'FR')",AU,FR,0.9849528710206662,AUS,FRA
"('ES', 'DK')",ES,DK,0.984944292273605,ESP,DNK
"('AU', 'SC')",AU,SC,0.9846583161656559,AUS,SYC
"('NL', 'SC')",NL,SC,0.9846065858275735,NLD,SYC
"('CA', 'IL')",CA,IL,0.9845645157914368,CAN,ISR
"('AU', 'PE')",AU,PE,0.984223626612431,AUS,PER
"('NL', 'CA')",NL,CA,0.9839947036525729,NLD,CAN
"('AU', 'MX')",AU,MX,0.9837410611727969,AUS,MEX
"('JP', 'SC')",JP,SC,0.9836623605975212,JPN,SYC
"('IL', 'AT')",IL,AT,0.9836462165594371,ISR,AUT
"('NL', 'LU')",NL,LU,0.9835212307657492,NLD,LUX
"('US', 'DK')",US,DK,0.9832562728148673,USA,DNK
"('CO', 'CR')",CO,CR,0.9830909037238309,COL,CRI
"('ES', 'NO')",ES,NO,0.9830335347265998,ESP,NOR
"('US', 'IS')",US,IS,0.983025280645158,USA,ISL
"('CA', 'AT')",CA,AT,0.982974637337892,CAN,AUT
"('CO', 'ES')",CO,ES,0.9828594781171628,COL,ESP
"('MX', 'PE')",MX,PE,0.9828096004601634,MEX,PER
"('LT', 'DK')",LT,DK,0.9826583106760239,LTU,DNK
"('ES', 'SE')",ES,SE,0.9825715524038182,ESP,SWE
"('MX', 'DK')",MX,DK,0.9824415353941,MEX,DNK
"('NL', 'CZ')",NL,CZ,0.9823968421304997,NLD,CZE
"('RO', 'HU')",RO,HU,0.9823874407400671,ROU,HUN
"('HU', 'LU')",HU,LU,0.982087880537637,HUN,LUX
"('ZA', 'PT')",ZA,PT,0.9819814914446949,ZAF,PRT
"('CO', 'IS')",CO,IS,0.981925625277657,COL,ISL
"('ES', 'PE')",ES,PE,0.9819228085180721,ESP,PER
"('FR', 'HU')",FR,HU,0.9819072568678371,FRA,HUN
"('JP', 'IS')",JP,IS,0.9818299658010923,JPN,ISL
"('MD', 'SC')",MD,SC,0.981807289824245,MDA,SYC
"('FR', 'IL')",FR,IL,0.9817663958371098,FRA,ISR
"('MD', 'DK')",MD,DK,0.9817483175468866,MDA,DNK
"('SE', 'MD')",SE,MD,0.9815544531763801,SWE,MDA
"('CO', 'IL')",CO,IL,0.9814162444558229,COL,ISR
"('PT', 'CZ')",PT,CZ,0.9813743595217242,PRT,CZE
"('AU', 'LU')",AU,LU,0.9812120392312059,AUS,LUX
"('BR', 'CR')",BR,CR,0.9809244040211191,BRA,CRI
"('ES', 'IS')",ES,IS,0.9806405341856302,ESP,ISL
"('SK', 'AT')",SK,AT,0.9805334797210578,SVK,AUT
"('KE', 'SK')",KE,SK,0.9803255072876527,KEN,SVK
"('US', 'CZ')",US,CZ,0.980232935059984,USA,CZE
"('NZ', 'DK')",NZ,DK,0.9800731469365453,NZL,DNK
"('NL', 'FR')",NL,FR,0.9799567135115456,NLD,FRA
"('KE', 'DK')",KE,DK,0.9798823926120936,KEN,DNK
"('RO', 'MD')",RO,MD,0.9797603518790361,ROU,MDA
"('AT', 'CR')",AT,CR,0.9796512047956418,AUT,CRI
"('IL', 'SC')",IL,SC,0.9795623266675516,ISR,SYC
"('CA', 'PL')",CA,PL,0.9795534742531243,CAN,POL
"('IS', 'DK')",IS,DK,0.9795332920891691,ISL,DNK
"('MD', 'NO')",MD,NO,0.9795254608815571,MDA,NOR
"('DK', 'AT')",DK,AT,0.9794429684607814,DNK,AUT
"('US', 'SE')",US,SE,0.9793735531071128,USA,SWE
"('SK', 'PL')",SK,PL,0.9793671278235805,SVK,POL
"('RO', 'IL')",RO,IL,0.9793333494582172,ROU,ISR
"('NZ', 'CZ')",NZ,CZ,0.9792988600711316,NZL,CZE
"('AU', 'SK')",AU,SK,0.9792776374336413,AUS,SVK
"('JP', 'DK')",JP,DK,0.9792672153429492,JPN,DNK
"('DK', 'PL')",DK,PL,0.9791786191862891,DNK,POL
"('US', 'CA')",US,CA,0.9790612556105213,USA,CAN
"('US', 'CR')",US,CR,0.9790457375807275,USA,CRI
"('PE', 'IS')",PE,IS,0.978918122127676,PER,ISL
"('IL', 'BR')",IL,BR,0.9787919917015341,ISR,BRA
"('NL', 'RO')",NL,RO,0.9787717547218241,NLD,ROU
"('US', 'NO')",US,NO,0.9786490446590682,USA,NOR
"('SE', 'DZ')",SE,DZ,0.9786061818158452,SWE,DZA
"('RO', 'ES')",RO,ES,0.9785942533506907,ROU,ESP
"('MD', 'CA')",MD,CA,0.9785500625250332,MDA,CAN
"('PE', 'IL')",PE,IL,0.978007699370619,PER,ISR
"('LT', 'CZ')",LT,CZ,0.9778947228383579,LTU,CZE
"('IS', 'BR')",IS,BR,0.9777028427151375,ISL,BRA
"('NO', 'PL')",NO,PL,0.977634923717763,NOR,POL
"('FR', 'PL')",FR,PL,0.9776222544274779,FRA,POL
"('ES', 'SC')",ES,SC,0.9775999201629596,ESP,SYC
"('AU', 'BE')",AU,BE,0.9774608818658588,AUS,BEL
"('CZ', 'IL')",CZ,IL,0.9773583377400684,CZE,ISR
"('LU', 'PL')",LU,PL,0.9773427780515003,LUX,POL
"('ES', 'LU')",ES,LU,0.9773311686374826,ESP,LUX
"('SE', 'PL')",SE,PL,0.9773306370075694,SWE,POL
"('ES', 'CA')",ES,CA,0.9772642986074245,ESP,CAN
"('JP', 'SK')",JP,SK,0.9772056712011763,JPN,SVK
"('JP', 'SE')",JP,SE,0.9769658452766647,JPN,SWE
"('MD', 'IS')",MD,IS,0.9768202388609107,MDA,ISL
"('LT', 'NO')",LT,NO,0.9768090315970924,LTU,NOR
"('BR', 'SC')",BR,SC,0.9767893995377523,BRA,SYC
"('KE', 'CR')",KE,CR,0.9767852787921066,KEN,CRI
"('MX', 'SC')",MX,SC,0.9766422206404288,MEX,SYC
"('ES', 'FR')",ES,FR,0.9765134862808922,ESP,FRA
"('MX', 'CZ')",MX,CZ,0.9765031630172575,MEX,CZE
"('HU', 'SK')",HU,SK,0.9764964255255234,HUN,SVK
"('NL', 'PL')",NL,PL,0.9764665050085222,NLD,POL
"('LT', 'CA')",LT,CA,0.9763951788845318,LTU,CAN
"('MX', 'PT')",MX,PT,0.9763348702994282,MEX,PRT
"('MX', 'NO')",MX,NO,0.9763168852087879,MEX,NOR
"('LT', 'CR')",LT,CR,0.9763163666831757,LTU,CRI
"('SE', 'AT')",SE,AT,0.9762738449616877,SWE,AUT
"('RO', 'AT')",RO,AT,0.9762147237496924,ROU,AUT
"('FR', 'MD')",FR,MD,0.9760837652161557,FRA,MDA
"('DK', 'DZ')",DK,DZ,0.9759524188226691,DNK,DZA
"('RO', 'PL')",RO,PL,0.9759150769102035,ROU,POL
"('NZ', 'CR')",NZ,CR,0.9758202762915528,NZL,CRI
"('NL', 'SK')",NL,SK,0.975741683856368,NLD,SVK
"('NO', 'DZ')",NO,DZ,0.9756875096491799,NOR,DZA
"('HU', 'CZ')",HU,CZ,0.9756774594169345,HUN,CZE
"('AU', 'GR')",AU,GR,0.9755720137301636,AUS,GRC
"('LT', 'SE')",LT,SE,0.9755624988104091,LTU,SWE
"('AU', 'PL')",AU,PL,0.9754608258513496,AUS,POL
"('CA', 'SC')",CA,SC,0.9753257231337304,CAN,SYC
"('NZ', 'SK')",NZ,SK,0.9753061374834389,NZL,SVK
"('LT', 'SK')",LT,SK,0.9752172810679608,LTU,SVK
"('HU', 'PL')",HU,PL,0.9751333611361144,HUN,POL
"('BE', 'IL')",BE,IL,0.9750385328584368,BEL,ISR
"('IS', 'AT')",IS,AT,0.9748500573011024,ISL,AUT
"('JP', 'CA')",JP,CA,0.9748223498060851,JPN,CAN
"('SK', 'MD')",SK,MD,0.9748178145684913,SVK,MDA
"('NO', 'AT')",NO,AT,0.9748027847435708,NOR,AUT
"('KE', 'CA')",KE,CA,0.9747782867967554,KEN,CAN
"('SK', 'BR')",SK,BR,0.9746427173990445,SVK,BRA
"('IL', 'PL')",IL,PL,0.9745661772139654,ISR,POL
"('BE', 'PL')",BE,PL,0.974516920815138,BEL,POL
"('JP', 'NO')",JP,NO,0.9744397677819807,JPN,NOR
"('CA', 'DZ')",CA,DZ,0.9743701856667543,CAN,DZA
"('JP', 'CR')",JP,CR,0.9742887475638136,JPN,CRI
"('IS', 'SC')",IS,SC,0.974250483214685,ISL,SYC
"('PE', 'SK')",PE,SK,0.9742007849336994,PER,SVK
"('LU', 'DZ')",LU,DZ,0.9741377880310093,LUX,DZA
"('FR', 'AT')",FR,AT,0.9740595010064222,FRA,AUT
"('CO', 'SK')",CO,SK,0.9740245674849698,COL,SVK
"('SC', 'CR')",SC,CR,0.9739190020840093,SYC,CRI
"('HU', 'BE')",HU,BE,0.9738506318932582,HUN,BEL
"('NZ', 'NO')",NZ,NO,0.973801336460382,NZL,NOR
"('AU', 'IS')",AU,IS,0.9737099060773295,AUS,ISL
"('DK', 'SC')",DK,SC,0.9736418971373543,DNK,SYC
"('IL', 'DZ')",IL,DZ,0.9736287142287512,ISR,DZA
"('LU', 'MD')",LU,MD,0.9735914648590966,LUX,MDA
"('PL', 'GR')",PL,GR,0.973412171224792,POL,GRC
"('US', 'SK')",US,SK,0.9734116515601458,USA,SVK
"('US', 'RO')",US,RO,0.973380499281873,USA,ROU
"('SE', 'NZ')",SE,NZ,0.9733705239803571,SWE,NZL
"('IL', 'GR')",IL,GR,0.9730987765790499,ISR,GRC
"('KE', 'NO')",KE,NO,0.9730069936575249,KEN,NOR
"('CO', 'CZ')",CO,CZ,0.9728861012535434,COL,CZE
"('NL', 'BE')",NL,BE,0.9727167426141857,NLD,BEL
"('MX', 'CA')",MX,CA,0.9723969419874744,MEX,CAN
"('PE', 'CZ')",PE,CZ,0.9723658577272781,PER,CZE
"('MX', 'SE')",MX,SE,0.9723364458162407,MEX,SWE
"('JP', 'RO')",JP,RO,0.9723102269061067,JPN,ROU
"('KE', 'CZ')",KE,CZ,0.9722638352202713,KEN,CZE
"('US', 'LU')",US,LU,0.972234467164955,USA,LUX
"('KE', 'SE')",KE,SE,0.9721912613555717,KEN,SWE
"('NZ', 'CA')",NZ,CA,0.9720253532955084,NZL,CAN
"('SK', 'IL')",SK,IL,0.9719544690077018,SVK,ISR
"('US', 'FR')",US,FR,0.9719195707949287,USA,FRA
"('NO', 'IS')",NO,IS,0.9717623355923894,NOR,ISL
"('HU', 'GR')",HU,GR,0.9715897791768163,HUN,GRC
"('MD', 'CR')",MD,CR,0.97150336095446,MDA,CRI
"('NZ', 'PT')",NZ,PT,0.9713908248686747,NZL,PRT
"('SK', 'SC')",SK,SC,0.9712315083934518,SVK,SYC
"('ES', 'SK')",ES,SK,0.9712190588477122,ESP,SVK
"('JP', 'CZ')",JP,CZ,0.9711918153369665,JPN,CZE
"('CO', 'DK')",CO,DK,0.9711349826856784,COL,DNK
"('NL', 'GR')",NL,GR,0.9708573321021555,NLD,GRC
"('AU', 'DZ')",AU,DZ,0.9708073814009163,AUS,DZA
"('LT', 'RO')",LT,RO,0.9707525275204261,LTU,ROU
"('FR', 'DZ')",FR,DZ,0.9707362685126965,FRA,DZA
"('US', 'PL')",US,PL,0.9706247521457056,USA,POL
"('LT', 'LU')",LT,LU,0.9706145660568251,LTU,LUX
"('NL', 'DZ')",NL,DZ,0.9704932824729992,NLD,DZA
"('FI', 'IS')",FI,IS,0.9703985557074792,FIN,ISL
"('AT', 'GR')",AT,GR,0.9703293442097849,AUT,GRC
"('PL', 'AT')",PL,AT,0.9702429897835506,POL,AUT
"('ES', 'CZ')",ES,CZ,0.9700584357162166,ESP,CZE
"('MX', 'SK')",MX,SK,0.9697879120329446,MEX,SVK
"('JP', 'FR')",JP,FR,0.9696031583808432,JPN,FRA
"('LT', 'FR')",LT,FR,0.9694139582730853,LTU,FRA
"('ZA', 'MY')",ZA,MY,0.9693913173469494,ZAF,MYS
"('SK', 'CA')",SK,CA,0.9692742269173522,SVK,CAN
"('ES', 'PL')",ES,PL,0.9692091071970016,ESP,POL
"('SK', 'DK')",SK,DK,0.9687532653122948,SVK,DNK
"('PT', 'IL')",PT,IL,0.9687432973958883,PRT,ISR
"('RO', 'DZ')",RO,DZ,0.9686994331360848,ROU,DZA
"('HU', 'DZ')",HU,DZ,0.9686884237992098,HUN,DZA
"('LT', 'PL')",LT,PL,0.9685571186186399,LTU,POL
"('MD', 'PL')",MD,PL,0.9685006956692875,MDA,POL
"('NL', 'PT')",NL,PT,0.9684893029839662,NLD,PRT
"('DK', 'BR')",DK,BR,0.9684844509043035,DNK,BRA
"('MX', 'LU')",MX,LU,0.9684466196930749,MEX,LUX
"('JP', 'PL')",JP,PL,0.9683985358979695,JPN,POL
"('CZ', 'BR')",CZ,BR,0.9682814949532476,CZE,BRA
"('LU', 'AT')",LU,AT,0.9681907385144125,LUX,AUT
"('FI', 'IL')",FI,IL,0.9680136568672236,FIN,ISR
"('JP', 'LU')",JP,LU,0.9676263199283722,JPN,LUX
"('RO', 'NZ')",RO,NZ,0.9675074050452401,ROU,NZL
"('MY', 'PT')",MY,PT,0.967437395865991,MYS,PRT
"('SE', 'SC')",SE,SC,0.9673665343386918,SWE,SYC
"('PE', 'DK')",PE,DK,0.9671518501966904,PER,DNK
"('RO', 'KE')",RO,KE,0.9671242178535114,ROU,KEN
"('HU', 'CR')",HU,CR,0.967115831879471,HUN,CRI
"('CO', 'CA')",CO,CA,0.9670169934915761,COL,CAN
"('MX', 'FR')",MX,FR,0.966937617746226,MEX,FRA
"('LT', 'PT')",LT,PT,0.9668592838229063,LTU,PRT
"('KE', 'PL')",KE,PL,0.9668041095421713,KEN,POL
"('AU', 'CR')",AU,CR,0.9666194848824842,AUS,CRI
"('NO', 'SC')",NO,SC,0.9664241247166103,NOR,SYC
"('KE', 'FR')",KE,FR,0.9663420427590921,KEN,FRA
"('CZ', 'SC')",CZ,SC,0.9663349864134477,CZE,SYC
"('NZ', 'PL')",NZ,PL,0.9661587837307191,NZL,POL
"('BE', 'DZ')",BE,DZ,0.9661474931624906,BEL,DZA
"('NZ', 'LU')",NZ,LU,0.9661006366083763,NZL,LUX
"('MX', 'PL')",MX,PL,0.9659588351250308,MEX,POL
"('KE', 'LU')",KE,LU,0.965869032119715,KEN,LUX
"('MD', 'CZ')",MD,CZ,0.9658189023088248,MDA,CZE
"('RO', 'MX')",RO,MX,0.9656971042493717,ROU,MEX
"('BE', 'AT')",BE,AT,0.9656379718042156,BEL,AUT
"('ES', 'CR')",ES,CR,0.9653036341301418,ESP,CRI
"('ES', 'BE')",ES,BE,0.9652910090719115,ESP,BEL
"('ES', 'DZ')",ES,DZ,0.9652265458670594,ESP,DZA
"('NZ', 'FR')",NZ,FR,0.9652237305316687,NZL,FRA
"('MD', 'BE')",MD,BE,0.9648490051059151,MDA,BEL
"('RO', 'SK')",RO,SK,0.9648336201952367,ROU,SVK
"('US', 'DZ')",US,DZ,0.9646864024332005,USA,DZA
"('ES', 'FI')",ES,FI,0.964650263129438,ESP,FIN
"('FI', 'CZ')",FI,CZ,0.9645753902022262,FIN,CZE
"('NL', 'FI')",NL,FI,0.9644694499607096,NLD,FIN
"('RO', 'SC')",RO,SC,0.9644011674223849,ROU,SYC
"('CA', 'BR')",CA,BR,0.9643426357115725,CAN,BRA
"('KE', 'PT')",KE,PT,0.9642252386622084,KEN,PRT
"('DK', 'CZ')",DK,CZ,0.9642251520865108,DNK,CZE
"('SE', 'SK')",SE,SK,0.9639983854477232,SWE,SVK
"('SK', 'NO')",SK,NO,0.9639318418271684,SVK,NOR
"('SE', 'IS')",SE,IS,0.9639223357673848,SWE,ISL
"('PE', 'CA')",PE,CA,0.9637998578391778,PER,CAN
"('SC', 'GR')",SC,GR,0.9635779414978106,SYC,GRC
"('US', 'BE')",US,BE,0.963522837505985,USA,BEL
"('SE', 'BR')",SE,BR,0.9633722306922866,SWE,BRA
"('FR', 'SK')",FR,SK,0.9632488664634581,FRA,SVK
"('DZ', 'GR')",DZ,GR,0.9631381189074576,DZA,GRC
"('CZ', 'AT')",CZ,AT,0.9631264921350895,CZE,AUT
"('NO', 'BR')",NO,BR,0.963074311048618,NOR,BRA
"('SK', 'IS')",SK,IS,0.9630041426580725,SVK,ISL
"('US', 'GR')",US,GR,0.9628033161476823,USA,GRC
"('CO', 'SE')",CO,SE,0.962743665048392,COL,SWE
"('FR', 'SC')",FR,SC,0.9626991075432436,FRA,SYC
"('CO', 'NO')",CO,NO,0.9625781212527135,COL,NOR
"('FI', 'PT')",FI,PT,0.9623994558288842,FIN,PRT
"('RO', 'BR')",RO,BR,0.9622810958000154,ROU,BRA
"('PL', 'SC')",PL,SC,0.962136561977367,POL,SYC
"('LU', 'IS')",LU,IS,0.962088070863286,LUX,ISL
"('MD', 'GR')",MD,GR,0.9617615405548214,MDA,GRC
"('MD', 'DZ')",MD,DZ,0.9613688129440597,MDA,DZA
"('LU', 'SC')",LU,SC,0.9611719090048936,LUX,SYC
"('CO', 'PT')",CO,PT,0.9610844825050113,COL,PRT
"('HU', 'PT')",HU,PT,0.9610382122803233,HUN,PRT
"('LT', 'BE')",LT,BE,0.9607786844163109,LTU,BEL
"('AU', 'CZ')",AU,CZ,0.9607744314145796,AUS,CZE
"('CA', 'IS')",CA,IS,0.9606235327332001,CAN,ISL
"('LT', 'DZ')",LT,DZ,0.9604410020119779,LTU,DZA
"('NL', 'CR')",NL,CR,0.9600989578059697,NLD,CRI
"('ES', 'GR')",ES,GR,0.9600749791987858,ESP,GRC
"('MX', 'DZ')",MX,DZ,0.9600622326176501,MEX,DZA
"('CO', 'PL')",CO,PL,0.9599730767101265,COL,POL
"('LT', 'GR')",LT,GR,0.9598287923190336,LTU,GRC
"('FI', 'DK')",FI,DK,0.9597889334457136,FIN,DNK
"('HU', 'FI')",HU,FI,0.9596498759610785,HUN,FIN
"('ZA', 'CZ')",ZA,CZ,0.959318715135435,ZAF,CZE
"('PL', 'BR')",PL,BR,0.9591386617836493,POL,BRA
"('JP', 'PT')",JP,PT,0.9590624942853381,JPN,PRT
"('JP', 'BE')",JP,BE,0.9590277322511539,JPN,BEL
"('MX', 'CR')",MX,CR,0.9589329562404235,MEX,CRI
"('KE', 'GR')",KE,GR,0.9589099799440927,KEN,GRC
"('NZ', 'DZ')",NZ,DZ,0.9586430662427721,NZL,DZA
"('PE', 'NO')",PE,NO,0.9586135974911206,PER,NOR
"('CL', 'FI')",CL,FI,0.958557233871603,CHL,FIN
"('SK', 'LU')",SK,LU,0.9585286729524922,SVK,LUX
"('BE', 'SC')",BE,SC,0.9584874215702088,BEL,SYC
"('PE', 'SE')",PE,SE,0.9584327529607781,PER,SWE
"('PT', 'BR')",PT,BR,0.9582075277496266,PRT,BRA
"('ES', 'PT')",ES,PT,0.9581385799498203,ESP,PRT
"('JP', 'GR')",JP,GR,0.9580055734622354,JPN,GRC
"('FR', 'BR')",FR,BR,0.9579481081744178,FRA,BRA
"('US', 'PT')",US,PT,0.9578423242006799,USA,PRT
"('SK', 'GR')",SK,GR,0.9576050903729812,SVK,GRC
"('NO', 'FI')",NO,FI,0.957508888005738,NOR,FIN
"('PE', 'PL')",PE,PL,0.9574626169100278,PER,POL
"('CO', 'RO')",CO,RO,0.9574208851174483,COL,ROU
"('PE', 'PT')",PE,PT,0.9573202255422688,PER,PRT
"('IS', 'DZ')",IS,DZ,0.9572579257421923,ISL,DZA
"('KE', 'BE')",KE,BE,0.9572495719162808,KEN,BEL
"('IS', 'PL')",IS,PL,0.9572464005405886,ISL,POL
"('ZA', 'IS')",ZA,IS,0.9570136321506135,ZAF,ISL
"('JP', 'DZ')",JP,DZ,0.9569238913997503,JPN,DZA
"('MX', 'GR')",MX,GR,0.9568143453023047,MEX,GRC
"('MX', 'BE')",MX,BE,0.9564688909234387,MEX,BEL
"('RS', 'FI')",RS,FI,0.956409990281808,SRB,FIN
"('KE', 'DZ')",KE,DZ,0.9561845065672071,KEN,DZA
"('NO', 'CZ')",NO,CZ,0.9561467891814075,NOR,CZE
"('NZ', 'FI')",NZ,FI,0.956136274344521,NZL,FIN
"('PL', 'DZ')",PL,DZ,0.9556818703498426,POL,DZA
"('DZ', 'AT')",DZ,AT,0.9554997407185918,DZA,AUT
"('CO', 'FR')",CO,FR,0.9553395325161064,COL,FRA
"('MX', 'FI')",MX,FI,0.9553262030464701,MEX,FIN
"('NZ', 'BE')",NZ,BE,0.9552331932413772,NZL,BEL
"('SK', 'BE')",SK,BE,0.9550273488773142,SVK,BEL
"('CO', 'LU')",CO,LU,0.9548982444029115,COL,LUX
"('RO', 'PE')",RO,PE,0.9545068258590172,ROU,PER
"('LU', 'BR')",LU,BR,0.9543356327427869,LUX,BRA
"('FR', 'IS')",FR,IS,0.9543041091183743,FRA,ISL
"('LT', 'FI')",LT,FI,0.9541410455218615,LTU,FIN
"('NZ', 'GR')",NZ,GR,0.9537559466168277,NZL,GRC
"('MD', 'FI')",MD,FI,0.9532336367105185,MDA,FIN
"('CZ', 'CR')",CZ,CR,0.9520331692640648,CZE,CRI
"('MD', 'PT')",MD,PT,0.951894583409881,MDA,PRT
"('SK', 'CR')",SK,CR,0.9517799879278895,SVK,CRI
"('RO', 'IS')",RO,IS,0.9517025880563245,ROU,ISL
"('PE', 'FR')",PE,FR,0.9516482379660127,PER,FRA
"('US', 'FI')",US,FI,0.951413932744606,USA,FIN
"('IS', 'CR')",IS,CR,0.9509038724315144,ISL,CRI
"('MX', 'ZA')",MX,ZA,0.9508088138243499,MEX,ZAF
"('PE', 'LU')",PE,LU,0.9506555603900133,PER,LUX
"('DZ', 'SC')",DZ,SC,0.9505910796414644,DZA,SYC
"('CO', 'GR')",CO,GR,0.9496017121432281,COL,GRC
"('PT', 'DK')",PT,DK,0.9484247312048534,PRT,DNK
"('NZ', 'ZA')",NZ,ZA,0.9478780260852485,NZL,ZAF
"('CO', 'BE')",CO,BE,0.9475401567499411,COL,BEL
"('SK', 'CZ')",SK,CZ,0.9475366493135631,SVK,CZE
"('IL', 'CR')",IL,CR,0.947377247395101,ISR,CRI
"('CO', 'DZ')",CO,DZ,0.947325142263878,COL,DZA
"('SE', 'CZ')",SE,CZ,0.9471252720920764,SWE,CZE
"('JP', 'FI')",JP,FI,0.9465870457208831,JPN,FIN
"('MY', 'IS')",MY,IS,0.9463617100676329,MYS,ISL
"('CL', 'IS')",CL,IS,0.9461062311537988,CHL,ISL
"('PE', 'GR')",PE,GR,0.9458784529041397,PER,GRC
"('SE', 'FI')",SE,FI,0.94579239909468,SWE,FIN
"('LU', 'FI')",LU,FI,0.9456826282932631,LUX,FIN
"('KE', 'FI')",KE,FI,0.9455207180184029,KEN,FIN
"('DZ', 'BR')",DZ,BR,0.9455172518327591,DZA,BRA
"('MY', 'CZ')",MY,CZ,0.9454987370510766,MYS,CZE
"('SK', 'DZ')",SK,DZ,0.9453313614019466,SVK,DZA
"('PT', 'SC')",PT,SC,0.9451460817599308,PRT,SYC
"('BE', 'IS')",BE,IS,0.9449943022952498,BEL,ISL
"('LU', 'CZ')",LU,CZ,0.9448035417748047,LUX,CZE
"('LT', 'ZA')",LT,ZA,0.9446169212182522,LTU,ZAF
"('BR', 'GR')",BR,GR,0.9445748103491688,BRA,GRC
"('CZ', 'PL')",CZ,PL,0.9442294311922468,CZE,POL
"('BE', 'BR')",BE,BR,0.9439756309583289,BEL,BRA
"('IS', 'GR')",IS,GR,0.9439244174070888,ISL,GRC
"('AU', 'PT')",AU,PT,0.9434920170390787,AUS,PRT
"('PT', 'AT')",PT,AT,0.9431111583104683,PRT,AUT
"('PE', 'DZ')",PE,DZ,0.9428108326825737,PER,DZA
"('NZ', 'CL')",NZ,CL,0.9427376755276884,NZL,CHL
"('PE', 'BE')",PE,BE,0.9426843241769209,PER,BEL
"('AU', 'FI')",AU,FI,0.942495692822421,AUS,FIN
"('CA', 'CZ')",CA,CZ,0.9422774215667999,CAN,CZE
"('CL', 'PT')",CL,PT,0.9419878315109974,CHL,PRT
"('CL', 'CZ')",CL,CZ,0.9418853376157417,CHL,CZE
"('ES', 'CL')",ES,CL,0.9418848460233641,ESP,CHL
"('CZ', 'DZ')",CZ,DZ,0.9413618840354072,CZE,DZA
"('CO', 'ZA')",CO,ZA,0.941249525544164,COL,ZAF
"('PE', 'ZA')",PE,ZA,0.9410602887916244,PER,ZAF
"('FI', 'DZ')",FI,DZ,0.9408013005622322,FIN,DZA
"('FI', 'MY')",FI,MY,0.9400767440912411,FIN,MYS
"('MY', 'IL')",MY,IL,0.9400583967529728,MYS,ISR
"('LT', 'CL')",LT,CL,0.9397903114584744,LTU,CHL
"('KE', 'ZA')",KE,ZA,0.9392646641457152,KEN,ZAF
"('NL', 'ZA')",NL,ZA,0.9388830250185298,NLD,ZAF
"('CL', 'IL')",CL,IL,0.9381145974291057,CHL,ISR
"('SK', 'PT')",SK,PT,0.9378449626176051,SVK,PRT
"('FI', 'BR')",FI,BR,0.9374451173805244,FIN,BRA
"('NL', 'CL')",NL,CL,0.9372239066390733,NLD,CHL
"('ZA', 'IL')",ZA,IL,0.9371558448956513,ZAF,ISR
"('MX', 'MY')",MX,MY,0.9370558686463124,MEX,MYS
"('NO', 'PT')",NO,PT,0.9369023869528945,NOR,PRT
"('HU', 'CL')",HU,CL,0.9366567792248268,HUN,CHL
"('ZA', 'BR')",ZA,BR,0.9364890254773908,ZAF,BRA
"('CO', 'FI')",CO,FI,0.9362409042037326,COL,FIN
"('US', 'ZA')",US,ZA,0.9350214501643695,USA,ZAF
"('FR', 'CZ')",FR,CZ,0.9350171346675189,FRA,CZE
"('CL', 'MD')",CL,MD,0.934943235011038,CHL,MDA
"('NL', 'MY')",NL,MY,0.9346827293440572,NLD,MYS
"('ZA', 'HU')",ZA,HU,0.9338097663376681,ZAF,HUN
"('JP', 'ZA')",JP,ZA,0.9337743355192679,JPN,ZAF
"('RO', 'CZ')",RO,CZ,0.9336674436158449,ROU,CZE
"('CA', 'CR')",CA,CR,0.93354943731913,CAN,CRI
"('US', 'CL')",US,CL,0.9332377465296063,USA,CHL
"('MX', 'CL')",MX,CL,0.9328949437403131,MEX,CHL
"('DK', 'CR')",DK,CR,0.9325867194718839,DNK,CRI
"('PE', 'FI')",PE,FI,0.9319498060621495,PER,FIN
"('KE', 'CL')",KE,CL,0.9315464933950568,KEN,CHL
"('VN', 'RS')",VN,RS,0.9308851855128201,VNM,SRB
"('JP', 'CL')",JP,CL,0.9308777988700411,JPN,CHL
"('FR', 'FI')",FR,FI,0.9306004006517907,FRA,FIN
"('ZA', 'SC')",ZA,SC,0.9299779914328355,ZAF,SYC
"('ES', 'ZA')",ES,ZA,0.9289774869077414,ESP,ZAF
"('CO', 'CL')",CO,CL,0.9281380189246937,COL,CHL
"('SE', 'CR')",SE,CR,0.9277433525268567,SWE,CRI
"('PL', 'CR')",PL,CR,0.9275637151286419,POL,CRI
"('FI', 'AT')",FI,AT,0.9274077956727947,FIN,AUT
"('ID', 'LI')",ID,LI,0.9272957738021771,IDN,LIE
"('NZ', 'MY')",NZ,MY,0.9272418440532195,NZL,MYS
"('MY', 'DK')",MY,DK,0.9266587896148176,MYS,DNK
"('PT', 'CR')",PT,CR,0.9265358984310849,PRT,CRI
"('HU', 'MY')",HU,MY,0.9265327028003663,HUN,MYS
"('PE', 'CL')",PE,CL,0.9264698066062386,PER,CHL
"('PT', 'DZ')",PT,DZ,0.92608970782902,PRT,DZA
"('FI', 'SC')",FI,SC,0.9260677618733574,FIN,SYC
"('SE', 'PT')",SE,PT,0.92601299532611,SWE,PRT
"('CL', 'RS')",CL,RS,0.925923474909835,CHL,SRB
"('CA', 'FI')",CA,FI,0.9255411734873432,CAN,FIN
"('BE', 'CZ')",BE,CZ,0.9250486296129852,BEL,CZE
"('PT', 'PL')",PT,PL,0.9250187000387884,PRT,POL
"('BZ', 'FI')",BZ,FI,0.9250067367619763,BLZ,FIN
"('LT', 'MY')",LT,MY,0.9248490164219946,LTU,MYS
"('ZA', 'MD')",ZA,MD,0.9248358793952067,ZAF,MDA
"('NO', 'CR')",NO,CR,0.9247521988375687,NOR,CRI
"('LU', 'PT')",LU,PT,0.9247502580649041,LUX,PRT
"('ZA', 'AT')",ZA,AT,0.9246362210551222,ZAF,AUT
"('FI', 'PL')",FI,PL,0.9243444347069202,FIN,POL
"('RO', 'FI')",RO,FI,0.9243019839092508,ROU,FIN
"('RO', 'CR')",RO,CR,0.9242189651860832,ROU,CRI
"('ID', 'PT')",ID,PT,0.924079877403474,IDN,PRT
"('ES', 'MY')",ES,MY,0.923952444659434,ESP,MYS
"('CL', 'BR')",CL,BR,0.9238234610208311,CHL,BRA
"('BZ', 'ES')",BZ,ES,0.9234130370758008,BLZ,ESP
"('CZ', 'GR')",CZ,GR,0.9226531833384377,CZE,GRC
"('AU', 'CL')",AU,CL,0.9219274277820843,AUS,CHL
"('VN', 'MY')",VN,MY,0.9217592700123627,VNM,MYS
"('RS', 'PT')",RS,PT,0.9209125454489114,SRB,PRT
"('RS', 'MY')",RS,MY,0.9206135142560065,SRB,MYS
"('CL', 'DK')",CL,DK,0.9205489458040338,CHL,DNK
"('CL', 'SC')",CL,SC,0.9203528753710376,CHL,SYC
"('BZ', 'SE')",BZ,SE,0.9201958456161493,BLZ,SWE
"('NO', 'MY')",NO,MY,0.920063303705531,NOR,MYS
"('FR', 'CR')",FR,CR,0.9193950888711079,FRA,CRI
"('SK', 'FI')",SK,FI,0.9192395208322888,SVK,FIN
"('CA', 'PT')",CA,PT,0.9188960884102176,CAN,PRT
"('FI', 'BE')",FI,BE,0.9184352036644832,FIN,BEL
"('US', 'MY')",US,MY,0.9182144025910115,USA,MYS
"('BZ', 'NO')",BZ,NO,0.9181645573915254,BLZ,NOR
"('ZA', 'FI')",ZA,FI,0.917739719030419,ZAF,FIN
"('AU', 'ZA')",AU,ZA,0.9169666795415471,AUS,ZAF
"('BZ', 'LU')",BZ,LU,0.9167949557339831,BLZ,LUX
"('BZ', 'AD')",BZ,AD,0.9166129162506333,BLZ,AND
"('TW', 'MD')",TW,MD,0.9162568475921672,TWN,MDA
"('ES', 'TW')",ES,TW,0.9157235541196646,ESP,TWN
"('ZA', 'CR')",ZA,CR,0.9155719291317591,ZAF,CRI
"('JP', 'MY')",JP,MY,0.9150088684222931,JPN,MYS
"('ZA', 'SK')",ZA,SK,0.9148589362817485,ZAF,SVK
"('CL', 'NO')",CL,NO,0.9143670873529509,CHL,NOR
"('KE', 'MY')",KE,MY,0.9142549916532177,KEN,MYS
"('RS', 'IS')",RS,IS,0.9138144134190078,SRB,ISL
"('LU', 'CR')",LU,CR,0.912928466821165,LUX,CRI
"('CL', 'AT')",CL,AT,0.9124144460900087,CHL,AUT
"('FR', 'PT')",FR,PT,0.9123324429630401,FRA,PRT
"('ZA', 'CL')",ZA,CL,0.9122569428723183,ZAF,CHL
"('MD', 'MY')",MD,MY,0.9119654400484956,MDA,MYS
"('ZA', 'DK')",ZA,DK,0.9118869212017059,ZAF,DNK
"('RO', 'PT')",RO,PT,0.9112870119384772,ROU,PRT
"('ES', 'RS')",ES,RS,0.9107044689663234,ESP,SRB
"('RO', 'TW')",RO,TW,0.9105464285791813,ROU,TWN
"('DZ', 'CR')",DZ,CR,0.9105055135909759,DZA,CRI
"('RS', 'IL')",RS,IL,0.9102468976080083,SRB,ISR
"('BZ', 'FR')",BZ,FR,0.9098474096801593,BLZ,FRA
"('TW', 'BR')",TW,BR,0.9097532132364654,TWN,BRA
"('GR', 'CR')",GR,CR,0.9096317298477672,GRC,CRI
"('BZ', 'RO')",BZ,RO,0.9095767173439454,BLZ,ROU
"('LU', 'MY')",LU,MY,0.9094184618512684,LUX,MYS
"('BZ', 'MD')",BZ,MD,0.9089235868773384,BLZ,MDA
"('SE', 'MY')",SE,MY,0.908819472058835,SWE,MYS
"('MX', 'TW')",MX,TW,0.9087929910756225,MEX,TWN
"('AU', 'MY')",AU,MY,0.9087846871153388,AUS,MYS
"('MY', 'BR')",MY,BR,0.9086836170980636,MYS,BRA
"('JP', 'TW')",JP,TW,0.9083661247228679,JPN,TWN
"('SE', 'CL')",SE,CL,0.9077430078049641,SWE,CHL
"('SK', 'CL')",SK,CL,0.9076664992829487,SVK,CHL
"('CL', 'CR')",CL,CR,0.9074786302589934,CHL,CRI
"('CO', 'MY')",CO,MY,0.9071406825224043,COL,MYS
"('BZ', 'DK')",BZ,DK,0.9071139237682946,BLZ,DNK
"('MY', 'DZ')",MY,DZ,0.9068678958659857,MYS,DZA
"('BZ', 'RS')",BZ,RS,0.9066154089918869,BLZ,SRB
"('AU', 'TW')",AU,TW,0.9059977044501455,AUS,TWN
"('FI', 'CR')",FI,CR,0.9054120898814961,FIN,CRI
"('CL', 'MY')",CL,MY,0.9052671379949272,CHL,MYS
"('BZ', 'IL')",BZ,IL,0.9050617379396247,BLZ,ISR
"('CL', 'DZ')",CL,DZ,0.9046765743627808,CHL,DZA
"('BE', 'CR')",BE,CR,0.9045280449186474,BEL,CRI
"('FI', 'GR')",FI,GR,0.9045012102175862,FIN,GRC
"('CL', 'LU')",CL,LU,0.9039779170443967,CHL,LUX
"('KR', 'SA')",KR,SA,0.9037043475055334,KOR,SAU
"('PE', 'MY')",PE,MY,0.9036643102725788,PER,MYS
"('BZ', 'HU')",BZ,HU,0.9033761505451626,BLZ,HUN
"('SE', 'TW')",SE,TW,0.9031484292359314,SWE,TWN
"('BZ', 'AU')",BZ,AU,0.9030186195936561,BLZ,AUS
"('ID', 'FI')",ID,FI,0.902878516245144,IDN,FIN
"('HK', 'CN')",HK,CN,0.9025856762922875,HKG,CHN
"('RS', 'CZ')",RS,CZ,0.9022989675962088,SRB,CZE
"('FR', 'TW')",FR,TW,0.9020326849238264,FRA,TWN
"('HU', 'TW')",HU,TW,0.901457746377039,HUN,TWN
"('CL', 'PL')",CL,PL,0.9013102238614145,CHL,POL
"('MY', 'PL')",MY,PL,0.9003825418101544,MYS,POL
"('BE', 'PT')",BE,PT,0.9003789883479197,BEL,PRT
"('TW', 'IL')",TW,IL,0.9000800688419872,TWN,ISR
"('MY', 'SC')",MY,SC,0.899703204679564,MYS,SYC
"('NZ', 'TW')",NZ,TW,0.8994721561629786,NZL,TWN
"('TW', 'NO')",TW,NO,0.8994514533886729,TWN,NOR
"('MY', 'AT')",MY,AT,0.8992368195670426,MYS,AUT
"('NZ', 'RS')",NZ,RS,0.8990014738996209,NZL,SRB
"('HU', 'RS')",HU,RS,0.8986598833169784,HUN,SRB
"('ZA', 'NO')",ZA,NO,0.8983395261703425,ZAF,NOR
"('LT', 'RS')",LT,RS,0.8976709639127399,LTU,SRB
"('SK', 'TW')",SK,TW,0.8973707540288265,SVK,TWN
"('KE', 'TW')",KE,TW,0.8971204112972018,KEN,TWN
"('CA', 'MY')",CA,MY,0.8970199478655981,CAN,MYS
"('FR', 'MY')",FR,MY,0.896924831858773,FRA,MYS
"('SK', 'MY')",SK,MY,0.8967145417597586,SVK,MYS
"('BZ', 'NL')",BZ,NL,0.8966439166454232,BLZ,NLD
"('LU', 'TW')",LU,TW,0.8964344014347403,LUX,TWN
"('TW', 'DK')",TW,DK,0.8964336782348754,TWN,DNK
"('ID', 'ZA')",ID,ZA,0.8962865851597529,IDN,ZAF
"('BZ', 'DZ')",BZ,DZ,0.8962170440178926,BLZ,DZA
"('BZ', 'BE')",BZ,BE,0.8961230673164083,BLZ,BEL
"('PT', 'GR')",PT,GR,0.8960321942319059,PRT,GRC
"('NL', 'TW')",NL,TW,0.8959574418470823,NLD,TWN
"('NL', 'RS')",NL,RS,0.8954743583766406,NLD,SRB
"('ZA', 'PL')",ZA,PL,0.8952358947078296,ZAF,POL
"('ID', 'CZ')",ID,CZ,0.8951853960579468,IDN,CZE
"('RO', 'MY')",RO,MY,0.8949800698402218,ROU,MYS
"('MX', 'RS')",MX,RS,0.8945015960836331,MEX,SRB
"('BZ', 'JP')",BZ,JP,0.8944206539071625,BLZ,JPN
"('CL', 'CA')",CL,CA,0.893576305536827,CHL,CAN
"('RS', 'DK')",RS,DK,0.8920456108350265,SRB,DNK
"('ZA', 'DZ')",ZA,DZ,0.8917625751701047,ZAF,DZA
"('FR', 'CL')",FR,CL,0.8914384726611436,FRA,CHL
"('LT', 'TW')",LT,TW,0.8906298713969855,LTU,TWN
"('RO', 'CL')",RO,CL,0.8905873534129795,ROU,CHL
"('MD', 'RS')",MD,RS,0.8902074080270654,MDA,SRB
"('NO', 'RS')",NO,RS,0.8900032538366689,NOR,SRB
"('ID', 'RS')",ID,RS,0.8895697618430655,IDN,SRB
"('BZ', 'CA')",BZ,CA,0.8895387918688448,BLZ,CAN
"('SE', 'ZA')",SE,ZA,0.8893580953869483,SWE,ZAF
"('US', 'BZ')",US,BZ,0.8889477450773713,USA,BLZ
"('ZA', 'CA')",ZA,CA,0.8888904498201586,ZAF,CAN
"('TW', 'CA')",TW,CA,0.8884878079769363,TWN,CAN
"('ZA', 'RS')",ZA,RS,0.8875370184359102,ZAF,SRB
"('BZ', 'NZ')",BZ,NZ,0.8874883089079254,BLZ,NZL
"('RS', 'DZ')",RS,DZ,0.8872628495522478,SRB,DZA
"('ID', 'IS')",ID,IS,0.8872060590231189,IDN,ISL
"('MY', 'BE')",MY,BE,0.8870712334330326,MYS,BEL
"('ID', 'CL')",ID,CL,0.8860499962946117,IDN,CHL
"('TW', 'PL')",TW,PL,0.8859967229327579,TWN,POL
"('TW', 'IS')",TW,IS,0.8847340537739826,TWN,ISL
"('BZ', 'LT')",BZ,LT,0.8846018961639386,BLZ,LTU
"('ZA', 'LU')",ZA,LU,0.8842430130237297,ZAF,LUX
"('TW', 'BE')",TW,BE,0.8840691701037102,TWN,BEL
"('TW', 'AT')",TW,AT,0.882966567656488,TWN,AUT
"('BZ', 'TW')",BZ,TW,0.8826472304943893,BLZ,TWN
"('LU', 'RS')",LU,RS,0.882098099082833,LUX,SRB
"('US', 'RS')",US,RS,0.8818123410629598,USA,SRB
"('BZ', 'MX')",BZ,MX,0.8812123041759348,BLZ,MEX
"('BZ', 'PL')",BZ,PL,0.8808777723268336,BLZ,POL
"('RO', 'ZA')",RO,ZA,0.8804195408466692,ROU,ZAF
"('SE', 'RS')",SE,RS,0.8802247622213573,SWE,SRB
"('MY', 'GR')",MY,GR,0.8801193131497776,MYS,GRC
"('CL', 'BE')",CL,BE,0.8797246996525363,CHL,BEL
"('US', 'TW')",US,TW,0.8787903679390943,USA,TWN
"('AU', 'RS')",AU,RS,0.8784697791869094,AUS,SRB
"('JP', 'RS')",JP,RS,0.877534304939037,JPN,SRB
"('FR', 'ZA')",FR,ZA,0.8769503183653116,FRA,ZAF
"('BZ', 'IS')",BZ,IS,0.8762702235698098,BLZ,ISL
"('TW', 'DZ')",TW,DZ,0.876217260089855,TWN,DZA
"('KE', 'RS')",KE,RS,0.8755794021422231,KEN,SRB
"('VN', 'FI')",VN,FI,0.8754188275528683,VNM,FIN
"('BZ', 'BR')",BZ,BR,0.8753627119141132,BLZ,BRA
"('CO', 'TW')",CO,TW,0.8746832087654964,COL,TWN
"('ID', 'MY')",ID,MY,0.8742793275768794,IDN,MYS
"('TW', 'PT')",TW,PT,0.8735761835618273,TWN,PRT
"('BZ', 'GR')",BZ,GR,0.873412160256401,BLZ,GRC
"('VN', 'PT')",VN,PT,0.873264023250346,VNM,PRT
"('VN', 'ZA')",VN,ZA,0.8717092602395503,VNM,ZAF
"('TW', 'GR')",TW,GR,0.8715169167059826,TWN,GRC
"('TW', 'FI')",TW,FI,0.8707309733607089,TWN,FIN
"('BZ', 'CL')",BZ,CL,0.8705510334654154,BLZ,CHL
"('BZ', 'CZ')",BZ,CZ,0.8700384780789358,BLZ,CZE
"('CL', 'GR')",CL,GR,0.8695700807178465,CHL,GRC
"('BZ', 'KE')",BZ,KE,0.8676552038063617,BLZ,KEN
"('PE', 'TW')",PE,TW,0.8668175319959909,PER,TWN
"('CO', 'RS')",CO,RS,0.8658352198499314,COL,SRB
"('ZA', 'GR')",ZA,GR,0.8655920867729754,ZAF,GRC
"('ZA', 'BE')",ZA,BE,0.8641306069634007,ZAF,BEL
"('RS', 'SC')",RS,SC,0.8636400135068396,SRB,SYC
"('MY', 'CR')",MY,CR,0.8619825523016278,MYS,CRI
"('BZ', 'AT')",BZ,AT,0.8615736088094593,BLZ,AUT
"('RS', 'BR')",RS,BR,0.8614176533387655,SRB,BRA
"('FR', 'RS')",FR,RS,0.860481181241857,FRA,SRB
"('PE', 'RS')",PE,RS,0.8596567566870155,PER,SRB
"('BZ', 'MY')",BZ,MY,0.8592052280811999,BLZ,MYS
"('RO', 'RS')",RO,RS,0.8564838856561189,ROU,SRB
"('CA', 'RS')",CA,RS,0.8542593046675891,CAN,SRB
"('NZ', 'ID')",NZ,ID,0.8532667785212685,NZL,IDN
"('BZ', 'VN')",BZ,VN,0.8514462190597082,BLZ,VNM
"('RS', 'PL')",RS,PL,0.8509187677315864,SRB,POL
"('BZ', 'PT')",BZ,PT,0.8503984033625204,BLZ,PRT
"('MX', 'ID')",MX,ID,0.8493313624997352,MEX,IDN
"('CO', 'BZ')",CO,BZ,0.8487200059285501,COL,BLZ
"('TW', 'SC')",TW,SC,0.8482328396142823,TWN,SYC
"('RS', 'BE')",RS,BE,0.8481595032503956,SRB,BEL
"('RS', 'AT')",RS,AT,0.8463189709139403,SRB,AUT
"('BZ', 'SK')",BZ,SK,0.8461826881731582,BLZ,SVK
"('VN', 'ID')",VN,ID,0.8451939699910203,VNM,IDN
"('AD', 'RS')",AD,RS,0.8450734321464918,AND,SRB
"('BZ', 'PE')",BZ,PE,0.8449839922446328,BLZ,PER
"('TW', 'CZ')",TW,CZ,0.8432959843972596,TWN,CZE
"('LT', 'ID')",LT,ID,0.8406024532593763,LTU,IDN
"('BZ', 'SC')",BZ,SC,0.8405379869118764,BLZ,SYC
"('HK', 'PE')",HK,PE,0.8402258527363866,HKG,PER
"('SK', 'RS')",SK,RS,0.8382354099974447,SVK,SRB
"('NL', 'ID')",NL,ID,0.8377547235725735,NLD,IDN
"('CO', 'ID')",CO,ID,0.83730887607047,COL,IDN
"('VN', 'CL')",VN,CL,0.8372637421591484,VNM,CHL
"('CL', 'TW')",CL,TW,0.8371889974562022,CHL,TWN
"('ID', 'IL')",ID,IL,0.8371495785445019,IDN,ISR
"('KE', 'ID')",KE,ID,0.8360445210065366,KEN,IDN
"('HK', 'CR')",HK,CR,0.8360421889714059,HKG,CRI
"('TW', 'MY')",TW,MY,0.8358011015441501,TWN,MYS
"('SG', 'RS')",SG,RS,0.8356965371611146,SGP,SRB
"('PE', 'ID')",PE,ID,0.8354495476243148,PER,IDN
"('TW', 'CR')",TW,CR,0.835360670063541,TWN,CRI
"('ES', 'ID')",ES,ID,0.8335560201951564,ESP,IDN
"('ID', 'BR')",ID,BR,0.8330797175500692,IDN,BRA
"('CO', 'HK')",CO,HK,0.8325862643620534,COL,HKG
"('HK', 'BR')",HK,BR,0.8323005234443496,HKG,BRA
"('JP', 'ID')",JP,ID,0.8316571612237137,JPN,IDN
"('RS', 'GR')",RS,GR,0.8305487118800878,SRB,GRC
"('US', 'ID')",US,ID,0.8296145940143853,USA,IDN
"('RS', 'CR')",RS,CR,0.8293614377627009,SRB,CRI
"('HK', 'KE')",HK,KE,0.8283401569695297,HKG,KEN
"('ID', 'HU')",ID,HU,0.8275396660698638,IDN,HUN
"('ZA', 'LI')",ZA,LI,0.8274233229121927,ZAF,LIE
"('HK', 'AT')",HK,AT,0.8273155027063299,HKG,AUT
"('BZ', 'CR')",BZ,CR,0.8272826004702318,BLZ,CRI
"('VN', 'IS')",VN,IS,0.8254517789839868,VNM,ISL
"('PT', 'LI')",PT,LI,0.8250115333737731,PRT,LIE
"('AD', 'FI')",AD,FI,0.8243517731238188,AND,FIN
"('ID', 'CR')",ID,CR,0.8219800500239308,IDN,CRI
"('VN', 'CZ')",VN,CZ,0.8207801991167237,VNM,CZE
"('ZA', 'TW')",ZA,TW,0.8204307766568804,ZAF,TWN
"('BG', 'JP')",BG,JP,0.8198735632186849,BGR,JPN
"('HK', 'CZ')",HK,CZ,0.8181888873979217,HKG,CZE
"('TW', 'RS')",TW,RS,0.8180855521133731,TWN,SRB
"('ID', 'MD')",ID,MD,0.8180521325267205,IDN,MDA
"('ES', 'VN')",ES,VN,0.8174797483670949,ESP,VNM
"('VN', 'IL')",VN,IL,0.8173029626165745,VNM,ISR
"('JP', 'HK')",JP,HK,0.8155097949573843,JPN,HKG
"('US', 'HK')",US,HK,0.8126853949716281,USA,HKG
"('SG', 'FI')",SG,FI,0.8126795061273022,SGP,FIN
"('VN', 'MX')",VN,MX,0.8123640087286369,VNM,MEX
"('HK', 'IS')",HK,IS,0.8109575113354576,HKG,ISL
"('NL', 'HK')",NL,HK,0.8097297151317021,NLD,HKG
"('HK', 'SK')",HK,SK,0.8074885666854441,HKG,SVK
"('HK', 'MX')",HK,MX,0.8066848501337958,HKG,MEX
"('BG', 'AU')",BG,AU,0.8048055639673793,BGR,AUS
"('VN', 'NZ')",VN,NZ,0.8045395424733655,VNM,NZL
"('HK', 'NZ')",HK,NZ,0.8045079433240119,HKG,NZL
"('ID', 'SC')",ID,SC,0.8029308242880214,IDN,SYC
"('HK', 'SC')",HK,SC,0.8017792219745389,HKG,SYC
"('NL', 'VN')",NL,VN,0.7999712125226806,NLD,VNM
"('BZ', 'ZA')",BZ,ZA,0.7993096275656574,BLZ,ZAF
"('HK', 'LT')",HK,LT,0.7992406305846367,HKG,LTU
"('VN', 'HU')",VN,HU,0.7987013106649357,VNM,HUN
"('ID', 'DK')",ID,DK,0.7971734886472656,IDN,DNK
"('BG', 'NZ')",BG,NZ,0.7961341054730656,BGR,NZL
"('VN', 'MD')",VN,MD,0.7959261358597722,VNM,MDA
"('HK', 'PT')",HK,PT,0.7954936999075186,HKG,PRT
"('LT', 'VN')",LT,VN,0.7951503536540265,LTU,VNM
"('AU', 'ID')",AU,ID,0.7938453105854674,AUS,IDN
"('ID', 'AT')",ID,AT,0.7933451373392505,IDN,AUT
"('VN', 'AD')",VN,AD,0.7930278439118297,VNM,AND
"('BG', 'ES')",BG,ES,0.7924207976875745,BGR,ESP
"('BG', 'HU')",BG,HU,0.7920221572170432,BGR,HUN
"('VN', 'DK')",VN,DK,0.791896900958699,VNM,DNK
"('ID', 'SG')",ID,SG,0.7914637873807535,IDN,SGP
"('VN', 'NO')",VN,NO,0.790359055747371,VNM,NOR
"('HK', 'HU')",HK,HU,0.7894569654841352,HKG,HUN
"('BG', 'LT')",BG,LT,0.7883163961469524,BGR,LTU
"('JP', 'VN')",JP,VN,0.7881617070022175,JPN,VNM
"('HK', 'MD')",HK,MD,0.7880791977129256,HKG,MDA
"('VN', 'TW')",VN,TW,0.7875454425316094,VNM,TWN
"('BG', 'MD')",BG,MD,0.7871003361436266,BGR,MDA
"('HK', 'IL')",HK,IL,0.7870931996709184,HKG,ISR
"('VN', 'DZ')",VN,DZ,0.7869289816855173,VNM,DZA
"('CZ', 'LI')",CZ,LI,0.7859473277252623,CZE,LIE
"('BG', 'NL')",BG,NL,0.7847544250223841,BGR,NLD
"('CL', 'SG')",CL,SG,0.7844346082723475,CHL,SGP
"('ID', 'SK')",ID,SK,0.7841956051525502,IDN,SVK
"('BG', 'KE')",BG,KE,0.7834150885614646,BGR,KEN
"('US', 'BG')",US,BG,0.7827970311825905,USA,BGR
"('TR', 'SA')",TR,SA,0.7818789643447432,TUR,SAU
"('BG', 'SC')",BG,SC,0.7812668884776405,BGR,SYC
"('ID', 'NO')",ID,NO,0.7810727606467811,IDN,NOR
"('UA', 'PE')",UA,PE,0.7810188867435315,UKR,PER
"('UA', 'KE')",UA,KE,0.7807435130540622,UKR,KEN
"('VN', 'SE')",VN,SE,0.7804138323610147,VNM,SWE
"('BG', 'AT')",BG,AT,0.7799946727866384,BGR,AUT
"('BG', 'MX')",BG,MX,0.7797016282512873,BGR,MEX
"('VN', 'LU')",VN,LU,0.779465531497973,VNM,LUX
"('AU', 'VN')",AU,VN,0.779456429450214,AUS,VNM
"('US', 'VN')",US,VN,0.7791362555827437,USA,VNM
"('BG', 'IL')",BG,IL,0.7790377094267761,BGR,ISR
"('BG', 'BR')",BG,BR,0.7790255047655157,BGR,BRA
"('BG', 'PE')",BG,PE,0.7786921372253389,BGR,PER
"('ID', 'DZ')",ID,DZ,0.7785254526071375,IDN,DZA
"('UA', 'BR')",UA,BR,0.7780263242388562,UKR,BRA
"('BG', 'RO')",BG,RO,0.7778145045362438,BGR,ROU
"('AU', 'HK')",AU,HK,0.777324256653085,AUS,HKG
"('BG', 'SE')",BG,SE,0.7771629634408318,BGR,SWE
"('HK', 'ES')",HK,ES,0.7770468027852772,HKG,ESP
"('CO', 'BG')",CO,BG,0.7769538321316626,COL,BGR
"('VN', 'BR')",VN,BR,0.7761536493792512,VNM,BRA
"('UA', 'CO')",UA,CO,0.7753816008236353,UKR,COL
"('BG', 'DK')",BG,DK,0.7752299686363026,BGR,DNK
"('BG', 'FR')",BG,FR,0.7748162744109919,BGR,FRA
"('UA', 'US')",UA,US,0.774247312983611,UKR,USA
"('UA', 'CR')",UA,CR,0.7741637686572709,UKR,CRI
"('BG', 'CA')",BG,CA,0.7739148164052707,BGR,CAN
"('IS', 'LI')",IS,LI,0.7731183327660909,ISL,LIE
"('BG', 'SK')",BG,SK,0.7725217266924274,BGR,SVK
"('KE', 'VN')",KE,VN,0.7723952934553419,KEN,VNM
"('UA', 'JP')",UA,JP,0.7723436452122127,UKR,JPN
"('HK', 'PL')",HK,PL,0.7722035899546491,HKG,POL
"('VN', 'SG')",VN,SG,0.7717767111886389,VNM,SGP
"('UA', 'AT')",UA,AT,0.7717065522061584,UKR,AUT
"('HK', 'DK')",HK,DK,0.7716443422767741,HKG,DNK
"('BG', 'IS')",BG,IS,0.7715763283517547,BGR,ISL
"('BG', 'NO')",BG,NO,0.7714970593252864,BGR,NOR
"('BG', 'PL')",BG,PL,0.7713688926723744,BGR,POL
"('HK', 'ZA')",HK,ZA,0.7707175153199476,HKG,ZAF
"('UA', 'NZ')",UA,NZ,0.7700935986204622,UKR,NZL
"('UA', 'CZ')",UA,CZ,0.7698651068478498,UKR,CZE
"('UA', 'LT')",UA,LT,0.769445209272852,UKR,LTU
"('BG', 'LU')",BG,LU,0.768433920829175,BGR,LUX
"('KR', 'TR')",KR,TR,0.7682279136463253,KOR,TUR
"('UA', 'NL')",UA,NL,0.7681556355323058,UKR,NLD
"('SG', 'CZ')",SG,CZ,0.766521499607363,SGP,CZE
"('BG', 'BE')",BG,BE,0.7659956589464361,BGR,BEL
"('UA', 'MX')",UA,MX,0.7648337282106606,UKR,MEX
"('UA', 'PT')",UA,PT,0.7645859196021844,UKR,PRT
"('UA', 'IS')",UA,IS,0.7640749718364932,UKR,ISL
"('UA', 'SC')",UA,SC,0.7638836890793351,UKR,SYC
"('UA', 'HU')",UA,HU,0.7630260455175873,UKR,HUN
"('BG', 'CZ')",BG,CZ,0.7628138983780333,BGR,CZE
"('UA', 'MD')",UA,MD,0.7624434991071725,UKR,MDA
"('BG', 'GR')",BG,GR,0.762398584986343,BGR,GRC
"('SG', 'PT')",SG,PT,0.7623948617956757,SGP,PRT
"('RO', 'VN')",RO,VN,0.761846107416578,ROU,VNM
"('BG', 'CR')",BG,CR,0.7616334270838663,BGR,CRI
"('SE', 'ID')",SE,ID,0.7615196438278938,SWE,IDN
"('VN', 'FR')",VN,FR,0.7602177037179555,VNM,FRA
"('SG', 'AD')",SG,AD,0.7595937841024214,SGP,AND
"('BZ', 'ID')",BZ,ID,0.7594833597062991,BLZ,IDN
"('CO', 'VN')",CO,VN,0.7586209121476137,COL,VNM
"('ID', 'PL')",ID,PL,0.7584360483628871,IDN,POL
"('UA', 'ES')",UA,ES,0.7571984840668183,UKR,ESP
"('HK', 'CA')",HK,CA,0.7568069205734049,HKG,CAN
"('UA', 'AU')",UA,AU,0.7565404982705058,UKR,AUS
"('SG', 'MY')",SG,MY,0.7562660119314701,SGP,MYS
"('HK', 'LI')",HK,LI,0.7557707694399985,HKG,LIE
"('BG', 'DZ')",BG,DZ,0.7553200440206743,BGR,DZA
"('VN', 'PL')",VN,PL,0.7550418406766218,VNM,POL
"('HK', 'NO')",HK,NO,0.7549577979974494,HKG,NOR
"('BZ', 'SG')",BZ,SG,0.7549499745619788,BLZ,SGP
"('UA', 'SK')",UA,SK,0.7547220924675881,UKR,SVK
"('ID', 'LU')",ID,LU,0.7542320404191991,IDN,LUX
"('UA', 'IL')",UA,IL,0.7538358269167844,UKR,ISR
"('ES', 'AD')",ES,AD,0.7528159501569734,ESP,AND
"('LU', 'AD')",LU,AD,0.7514657709898089,LUX,AND
"('ES', 'SG')",ES,SG,0.7508053107784312,ESP,SGP
"('SG', 'IS')",SG,IS,0.7506301607545011,SGP,ISL
"('NO', 'AD')",NO,AD,0.7502585628476603,NOR,AND
"('BG', 'BZ')",BG,BZ,0.7502367729314244,BGR,BLZ
"('VN', 'PE')",VN,PE,0.7500091997978166,VNM,PER
"('UA', 'DK')",UA,DK,0.7493837449555384,UKR,DNK
"('CL', 'LI')",CL,LI,0.7492074073349224,CHL,LIE
"('BG', 'PT')",BG,PT,0.7479512162716725,BGR,PRT
"('VN', 'CA')",VN,CA,0.7466314076718402,VNM,CAN
"('VN', 'SK')",VN,SK,0.745667420090579,VNM,SVK
"('CL', 'AD')",CL,AD,0.7441043442742322,CHL,AND
"('HK', 'SE')",HK,SE,0.7431382739227705,HKG,SWE
"('SG', 'IL')",SG,IL,0.7430897762946433,SGP,ISR
"('PE', 'LI')",PE,LI,0.7430628209787707,PER,LIE
"('HK', 'FI')",HK,FI,0.7424705988477708,HKG,FIN
"('VN', 'SC')",VN,SC,0.7420959418856833,VNM,SYC
"('SE', 'AD')",SE,AD,0.7412340007606849,SWE,AND
"('CR', 'LI')",CR,LI,0.7410952658303924,CRI,LIE
"('VN', 'BE')",VN,BE,0.7406258445680123,VNM,BEL
"('MY', 'LI')",MY,LI,0.7405675887915691,MYS,LIE
"('VN', 'AT')",VN,AT,0.7403951026966867,VNM,AUT
"('HK', 'LU')",HK,LU,0.7403208611000685,HKG,LUX
"('HK', 'DZ')",HK,DZ,0.7396914739551467,HKG,DZA
"('BG', 'FI')",BG,FI,0.7393743536535101,BGR,FIN
"('UA', 'PL')",UA,PL,0.7391417585854313,UKR,POL
"('UA', 'NO')",UA,NO,0.7390075982543365,UKR,NOR
"('CO', 'LI')",CO,LI,0.7384805289071686,COL,LIE
"('NZ', 'SG')",NZ,SG,0.7383115821284358,NZL,SGP
"('BG', 'CL')",BG,CL,0.7383104137194316,BGR,CHL
"('ID', 'TW')",ID,TW,0.7380503547654407,IDN,TWN
"('UA', 'ZA')",UA,ZA,0.7379719943624505,UKR,ZAF
"('HK', 'GR')",HK,GR,0.7378789252922939,HKG,GRC
"('HK', 'FR')",HK,FR,0.737303759403711,HKG,FRA
"('UA', 'SE')",UA,SE,0.7367286368674711,UKR,SWE
"('HK', 'RO')",HK,RO,0.7356674190963468,HKG,ROU
"('UA', 'CA')",UA,CA,0.7354621277855548,UKR,CAN
"('ID', 'CA')",ID,CA,0.7351330281395797,IDN,CAN
"('MX', 'LI')",MX,LI,0.7344081199499328,MEX,LIE
"('AD', 'DK')",AD,DK,0.733884178495366,AND,DNK
"('AD', 'DZ')",AD,DZ,0.7335872743016615,AND,DZA
"('NZ', 'LI')",NZ,LI,0.7334969297819737,NZL,LIE
"('LT', 'SG')",LT,SG,0.7332840719069774,LTU,SGP
"('NL', 'SG')",NL,SG,0.73296451213199,NLD,SGP
"('HU', 'SG')",HU,SG,0.7325937370895012,HUN,SGP
"('HK', 'ID')",HK,ID,0.7301028127717415,HKG,IDN
"('UA', 'LU')",UA,LU,0.7300445640160091,UKR,LUX
"('US', 'SG')",US,SG,0.7298010888796541,USA,SGP
"('BG', 'ZA')",BG,ZA,0.7289010258240853,BGR,ZAF
"('FR', 'ID')",FR,ID,0.7286993766397478,FRA,IDN
"('FI', 'LI')",FI,LI,0.7282198921787034,FIN,LIE
"('AD', 'IL')",AD,IL,0.7277594043222722,AND,ISR
"('UA', 'MY')",UA,MY,0.727132751096475,UKR,MYS
"('KE', 'LI')",KE,LI,0.7269573016659429,KEN,LIE
"('BG', 'TW')",BG,TW,0.726729757800277,BGR,TWN
"('HK', 'CL')",HK,CL,0.7261574255321422,HKG,CHL
"('FR', 'AD')",FR,AD,0.7255386078923437,FRA,AND
"('RO', 'ID')",RO,ID,0.7254883788166352,ROU,IDN
"('HK', 'BE')",HK,BE,0.7253332243983084,HKG,BEL
"('SG', 'DK')",SG,DK,0.7252258539698555,SGP,DNK
"('SG', 'MD')",SG,MD,0.7252239398316822,SGP,MDA
"('BR', 'LI')",BR,LI,0.7249686414256542,BRA,LIE
"('UA', 'FI')",UA,FI,0.7246734804911649,UKR,FIN
"('UA', 'FR')",UA,FR,0.7240655582792036,UKR,FRA
"('UA', 'RO')",UA,RO,0.7238814164932857,UKR,ROU
"('ZA', 'SG')",ZA,SG,0.7233952419983317,ZAF,SGP
"('SG', 'NO')",SG,NO,0.7232096684231472,SGP,NOR
"('SK', 'SG')",SK,SG,0.7220640322428865,SVK,SGP
"('MD', 'AD')",MD,AD,0.721761855492615,MDA,AND
"('UA', 'HK')",UA,HK,0.721542673988191,UKR,HKG
"('JP', 'SG')",JP,SG,0.7208863191056567,JPN,SGP
"('UA', 'DZ')",UA,DZ,0.720321271470842,UKR,DZA
"('AU', 'SG')",AU,SG,0.7201888113246926,AUS,SGP
"('LT', 'LI')",LT,LI,0.719642131677799,LTU,LIE
"('VN', 'GR')",VN,GR,0.7195414384529185,VNM,GRC
"('SG', 'DZ')",SG,DZ,0.7194512300119873,SGP,DZA
"('AD', 'MY')",AD,MY,0.717985347050956,AND,MYS
"('HU', 'AD')",HU,AD,0.7170916237686751,HUN,AND
"('UA', 'CL')",UA,CL,0.7168495436413893,UKR,CHL
"('RO', 'AD')",RO,AD,0.7164232213376027,ROU,AND
"('VN', 'CR')",VN,CR,0.7153543066178333,VNM,CRI
"('LU', 'SG')",LU,SG,0.7142341948281837,LUX,SGP
"('UA', 'GR')",UA,GR,0.7141461634253782,UKR,GRC
"('NL', 'AD')",NL,AD,0.7138642980428094,NLD,AND
"('UA', 'BE')",UA,BE,0.7129271377235263,UKR,BEL
"('BG', 'MY')",BG,MY,0.7122625762237679,BGR,MYS
"('AD', 'BE')",AD,BE,0.7110539567232208,AND,BEL
"('PE', 'SG')",PE,SG,0.709896265503187,PER,SGP
"('KE', 'SG')",KE,SG,0.7092591153119265,KEN,SGP
"('SE', 'SG')",SE,SG,0.7090829735541597,SWE,SGP
"('CO', 'SG')",CO,SG,0.7085857926522372,COL,SGP
"('ID', 'BE')",ID,BE,0.7074060521119931,IDN,BEL
"('JP', 'LI')",JP,LI,0.707039135927332,JPN,LIE
"('AU', 'AD')",AU,AD,0.7064060298217393,AUS,AND
"('RS', 'LI')",RS,LI,0.7057816455008691,SRB,LIE
"('AD', 'CZ')",AD,CZ,0.7053120039077396,AND,CZE
"('SG', 'BR')",SG,BR,0.7051067988040758,SGP,BRA
"('CN', 'LI')",CN,LI,0.7044913722744236,CHN,LIE
"('NL', 'LI')",NL,LI,0.7040176132880447,NLD,LIE
"('TW', 'AD')",TW,AD,0.7037590255108194,TWN,AND
"('US', 'LI')",US,LI,0.7036011049195582,USA,LIE
"('SG', 'SC')",SG,SC,0.7032942902362266,SGP,SYC
"('AD', 'IS')",AD,IS,0.7000330836307106,AND,ISL
"('US', 'AD')",US,AD,0.6992167418417067,USA,AND
"('MX', 'SG')",MX,SG,0.6990016851064903,MEX,SGP
"('SC', 'LI')",SC,LI,0.6983015692816833,SYC,LIE
"('HK', 'MY')",HK,MY,0.6976648220793973,HKG,MYS
"('SG', 'CR')",SG,CR,0.6961143881159901,SGP,CRI
"('IL', 'LI')",IL,LI,0.6957654577172929,ISR,LIE
"('LT', 'AD')",LT,AD,0.6944664231675389,LTU,AND
"('ID', 'GR')",ID,GR,0.6943114505215012,IDN,GRC
"('AD', 'CA')",AD,CA,0.692612125775748,AND,CAN
"('AD', 'PL')",AD,PL,0.6924169974300505,AND,POL
"('NZ', 'AD')",NZ,AD,0.6920740213722149,NZL,AND
"('UA', 'ID')",UA,ID,0.6910980166486473,UKR,IDN
"('JP', 'AD')",JP,AD,0.6905853037819475,JPN,AND
"('BG', 'RS')",BG,RS,0.6902720318471288,BGR,SRB
"('HU', 'LI')",HU,LI,0.6887817649101774,HUN,LIE
"('SG', 'AT')",SG,AT,0.6876343929585209,SGP,AUT
"('RO', 'SG')",RO,SG,0.6876328878078184,ROU,SGP
"('FR', 'SG')",FR,SG,0.6872797738828218,FRA,SGP
"('MX', 'AD')",MX,AD,0.6864992626391708,MEX,AND
"('SG', 'PL')",SG,PL,0.6863049952621809,SGP,POL
"('AD', 'PT')",AD,PT,0.6851890684241719,AND,PRT
"('ES', 'LI')",ES,LI,0.685118626957983,ESP,LIE
"('UA', 'TW')",UA,TW,0.6841930048039376,UKR,TWN
"('AT', 'LI')",AT,LI,0.6828049951565617,AUT,LIE
"('HK', 'TW')",HK,TW,0.6821610975209745,HKG,TWN
"('SG', 'CA')",SG,CA,0.6806819524136588,SGP,CAN
"('RU', 'TR')",RU,TR,0.6790118297322356,RUS,TUR
"('ID', 'AD')",ID,AD,0.676457161643844,IDN,AND
"('MD', 'LI')",MD,LI,0.6755658216654646,MDA,LIE
"('AD', 'GR')",AD,GR,0.6741998624632423,AND,GRC
"('SG', 'BE')",SG,BE,0.6731461895991614,SGP,BEL
"('AD', 'BR')",AD,BR,0.6719475960194427,AND,BRA
"('SK', 'LI')",SK,LI,0.6682745267447053,SVK,LIE
"('VN', 'LI')",VN,LI,0.6671990825784555,VNM,LIE
"('KE', 'AD')",KE,AD,0.6659466737700979,KEN,AND
"('SG', 'GR')",SG,GR,0.6530182220609443,SGP,GRC
"('AU', 'LI')",AU,LI,0.6498709144709719,AUS,LIE
"('AD', 'AT')",AD,AT,0.6468246888845351,AND,AUT
"('UA', 'RS')",UA,RS,0.6454525985577455,UKR,SRB
"('BG', 'ID')",BG,ID,0.6409093715845567,BGR,IDN
"('BG', 'VN')",BG,VN,0.6401707126307224,BGR,VNM
"('SK', 'AD')",SK,AD,0.639371367550128,SVK,AND
"('CO', 'AD')",CO,AD,0.6392839771863597,COL,AND
"('SG', 'TW')",SG,TW,0.6388001447240137,SGP,TWN
"('UA', 'BZ')",UA,BZ,0.6381658893744657,UKR,BLZ
"('DK', 'LI')",DK,LI,0.6369738207231151,DNK,LIE
"('PE', 'AD')",PE,AD,0.636820464862101,PER,AND
"('SG', 'LI')",SG,LI,0.6360650354941463,SGP,LIE
"('AD', 'SC')",AD,SC,0.630915636621272,AND,SYC
"('UA', 'LI')",UA,LI,0.6302650279667398,UKR,LIE
"('BG', 'HK')",BG,HK,0.6238686286242439,BGR,HKG
"('AD', 'CR')",AD,CR,0.6227085654194976,AND,CRI
"('DZ', 'LI')",DZ,LI,0.6194140833507265,DZA,LIE
"('PL', 'LI')",PL,LI,0.6145589177952383,POL,LIE
"('ZA', 'AD')",ZA,AD,0.6143467327456533,ZAF,AND
"('NO', 'LI')",NO,LI,0.6082358463362092,NOR,LIE
"('UA', 'BG')",UA,BG,0.59950658837601,UKR,BGR
"('BZ', 'HK')",BZ,HK,0.5950535197396991,BLZ,HKG
"('CN', 'TR')",CN,TR,0.5867805709767586,CHN,TUR
"('SE', 'LI')",SE,LI,0.5844272506786719,SWE,LIE
"('CA', 'LI')",CA,LI,0.5800174507766541,CAN,LIE
"('LU', 'LI')",LU,LI,0.5789397809515494,LUX,LIE
"('TW', 'LI')",TW,LI,0.5682635908521004,TWN,LIE
"('UA', 'VN')",UA,VN,0.5681700902225155,UKR,VNM
"('ID', 'CN')",ID,CN,0.5674309694665025,IDN,CHN
"('BG', 'SG')",BG,SG,0.5635104463950237,BGR,SGP
"('HK', 'RS')",HK,RS,0.5623210299074695,HKG,SRB
"('CN', 'CR')",CN,CR,0.5610175897008418,CHN,CRI
"('PE', 'CN')",PE,CN,0.557389380698909,PER,CHN
"('CN', 'CZ')",CN,CZ,0.5548196595618032,CHN,CZE
"('RO', 'LI')",RO,LI,0.5547951596780112,ROU,LIE
"('FR', 'LI')",FR,LI,0.5546740462582158,FRA,LIE
"('CN', 'PT')",CN,PT,0.5468765858547271,CHN,PRT
"('UA', 'SG')",UA,SG,0.5456949577544993,UKR,SGP
"('CO', 'CN')",CO,CN,0.5452979983400768,COL,CHN
"('BG', 'LI')",BG,LI,0.5449290977234184,BGR,LIE
"('BG', 'AD')",BG,AD,0.5442731036930635,BGR,AND
"('CN', 'BR')",CN,BR,0.5439887412445632,CHN,BRA
"('ZA', 'CN')",ZA,CN,0.5422299671749208,ZAF,CHN
"('HK', 'TR')",HK,TR,0.5404184420692911,HKG,TUR
"('UA', 'CN')",UA,CN,0.5383752001480557,UKR,CHN
"('GR', 'LI')",GR,LI,0.5360201681382465,GRC,LIE
"('KE', 'CN')",KE,CN,0.5346108037039484,KEN,CHN
"('BE', 'LI')",BE,LI,0.5317461662003902,BEL,LIE
"('CN', 'IS')",CN,IS,0.5312597445495697,CHN,ISL
"('RU', 'SA')",RU,SA,0.5291997720606494,RUS,SAU
"('CN', 'AT')",CN,AT,0.5265817595323806,CHN,AUT
"('BZ', 'LI')",BZ,LI,0.5172099217694158,BLZ,LIE
"('JP', 'CN')",JP,CN,0.5150709171869527,JPN,CHN
"('MX', 'CN')",MX,CN,0.5147855226363465,MEX,CHN
"('US', 'CN')",US,CN,0.5107230402507701,USA,CHN
"('SK', 'CN')",SK,CN,0.5105347164267795,SVK,CHN
"('NL', 'CN')",NL,CN,0.5093078298489765,NLD,CHN
"('HK', 'SG')",HK,SG,0.5075968545412917,HKG,SGP
"('NZ', 'CN')",NZ,CN,0.5051644000737754,NZL,CHN
"('CN', 'SC')",CN,SC,0.4990433443567689,CHN,SYC
"('LT', 'CN')",LT,CN,0.49574239719478785,LTU,CHN
"('CN', 'IL')",CN,IL,0.4802674401910505,CHN,ISR
"('UA', 'AD')",UA,AD,0.4788561856005906,UKR,AND
"('HU', 'CN')",HU,CN,0.47550889072834346,HUN,CHN
"('CN', 'MD')",CN,MD,0.47239264534499514,CHN,MDA
"('HK', 'VN')",HK,VN,0.47049852019424154,HKG,VNM
"('ES', 'CN')",ES,CN,0.46049230394717533,ESP,CHN
"('CN', 'PL')",CN,PL,0.4584049800410206,CHN,POL
"('CN', 'FI')",CN,FI,0.4568777042122829,CHN,FIN
"('AU', 'CN')",AU,CN,0.45318116971102684,AUS,CHN
"('CL', 'CN')",CL,CN,0.45261367589103174,CHL,CHN
"('CN', 'DK')",CN,DK,0.4517310185962087,CHN,DNK
"('CN', 'MY')",CN,MY,0.44287884861846216,CHN,MYS
"('TR', 'LI')",TR,LI,0.43416658158512456,TUR,LIE
"('UA', 'TR')",UA,TR,0.4284306655861061,UKR,TUR
"('CN', 'NO')",CN,NO,0.4269583344870318,CHN,NOR
"('CN', 'CA')",CN,CA,0.42287853556588584,CHN,CAN
"('CN', 'DZ')",CN,DZ,0.4217826444617303,CHN,DZA
"('CN', 'LU')",CN,LU,0.40600849871415534,CHN,LUX
"('SE', 'CN')",SE,CN,0.4056563353552811,SWE,CHN
"('HK', 'AD')",HK,AD,0.4017606088935748,HKG,AND
"('CN', 'GR')",CN,GR,0.4000666806996188,CHN,GRC
"('AD', 'LI')",AD,LI,0.39752319599996266,AND,LIE
"('IN', 'TR')",IN,TR,0.3973482676318656,IND,TUR
"('FR', 'CN')",FR,CN,0.39647975420554893,FRA,CHN
"('RO', 'CN')",RO,CN,0.39444923289770073,ROU,CHN
"('CL', 'IN')",CL,IN,0.3920895665137272,CHL,IND
"('KR', 'RU')",KR,RU,0.3831183471508919,KOR,RUS
"('CN', 'BE')",CN,BE,0.382255875339478,CHN,BEL
"('CN', 'TW')",CN,TW,0.37804741954789534,CHN,TWN
"('UA', 'RU')",UA,RU,0.37137912611449897,UKR,RUS
"('BG', 'CN')",BG,CN,0.36940820095995064,BGR,CHN
"('IN', 'RU')",IN,RU,0.35065106293355464,IND,RUS
"('BG', 'TR')",BG,TR,0.34964875729360434,BGR,TUR
"('TR', 'CR')",TR,CR,0.34742636051573494,TUR,CRI
"('ID', 'TR')",ID,TR,0.34708939053609056,IDN,TUR
"('PE', 'TR')",PE,TR,0.3447774837844275,PER,TUR
"('CZ', 'TR')",CZ,TR,0.33383923226741885,CZE,TUR
"('CO', 'TR')",CO,TR,0.33312722872921585,COL,TUR
"('TR', 'BR')",TR,BR,0.33105981320964295,TUR,BRA
"('JP', 'TR')",JP,TR,0.32914588597666206,JPN,TUR
"('KE', 'TR')",KE,TR,0.32284147997905643,KEN,TUR
"('PT', 'TR')",PT,TR,0.3217805195928879,PRT,TUR
"('MY', 'SA')",MY,SA,0.32161975111192054,MYS,SAU
"('ZA', 'TR')",ZA,TR,0.3203822849967959,ZAF,TUR
"('SK', 'TR')",SK,TR,0.3202289141132111,SVK,TUR
"('HK', 'SA')",HK,SA,0.31867295715614397,HKG,SAU
"('TR', 'AT')",TR,AT,0.31836120935183276,TUR,AUT
"('MY', 'TR')",MY,TR,0.31774058553826,MYS,TUR
"('IS', 'TR')",IS,TR,0.316805164643423,ISL,TUR
"('CN', 'SA')",CN,SA,0.3146484942990959,CHN,SAU
"('UA', 'IN')",UA,IN,0.3138545550343782,UKR,IND
"('NZ', 'TR')",NZ,TR,0.3128200891982149,NZL,TUR
"('US', 'TR')",US,TR,0.31159792607698433,USA,TUR
"('MX', 'TR')",MX,TR,0.3074378995540896,MEX,TUR
"('NL', 'TR')",NL,TR,0.3071832194556947,NLD,TUR
"('TR', 'SC')",TR,SC,0.3045199007099071,TUR,SYC
"('HK', 'IN')",HK,IN,0.3029307305808273,HKG,IND
"('LT', 'TR')",LT,TR,0.30213456549389694,LTU,TUR
"('RU', 'PL')",RU,PL,0.29998750866088764,RUS,POL
"('HU', 'TR')",HU,TR,0.29210495722410745,HUN,TUR
"('TR', 'PL')",TR,PL,0.29150073655176634,TUR,POL
"('SK', 'SA')",SK,SA,0.29112686353667794,SVK,SAU
"('IN', 'CR')",IN,CR,0.289735074610901,IND,CRI
"('HK', 'RU')",HK,RU,0.28635929722248643,HKG,RUS
"('PL', 'SA')",PL,SA,0.2853721477527782,POL,SAU
"('MD', 'TR')",MD,TR,0.2845851459496387,MDA,TUR
"('CN', 'RU')",CN,RU,0.28389006502115155,CHN,RUS
"('AU', 'TR')",AU,TR,0.2835779512280201,AUS,TUR
"('ID', 'SA')",ID,SA,0.2833042995190236,IDN,SAU
"('IL', 'TR')",IL,TR,0.28306124616456807,ISR,TUR
"('CN', 'SG')",CN,SG,0.2822212132632438,CHN,SGP
"('CN', 'IN')",CN,IN,0.2820475363825554,CHN,IND
"('IN', 'LI')",IN,LI,0.28090876239036144,IND,LIE
"('ES', 'TR')",ES,TR,0.2784381707326977,ESP,TUR
"('SK', 'RU')",SK,RU,0.2780323459530669,SVK,RUS
"('SA', 'LI')",SA,LI,0.27768794454194046,SAU,LIE
"('CL', 'TR')",CL,TR,0.27629687783043444,CHL,TUR
"('PE', 'IN')",PE,IN,0.27589510551734286,PER,IND
"('SG', 'SA')",SG,SA,0.27529504838205165,SGP,SAU
"('JP', 'IN')",JP,IN,0.269830095323509,JPN,IND
"('BG', 'IN')",BG,IN,0.2694472140767654,BGR,IND
"('CO', 'IN')",CO,IN,0.2683366957297406,COL,IND
"('DK', 'TR')",DK,TR,0.2664499965626492,DNK,TUR
"('CZ', 'SA')",CZ,SA,0.2663933884503591,CZE,SAU
"('FI', 'TR')",FI,TR,0.2657883968558543,FIN,TUR
"('BZ', 'CN')",BZ,CN,0.26348058338018565,BLZ,CHN
"('IN', 'BR')",IN,BR,0.2630924526237661,IND,BRA
"('CN', 'RS')",CN,RS,0.2601741244829796,CHN,SRB
"('PT', 'SA')",PT,SA,0.2601551192027014,PRT,SAU
"('KE', 'IN')",KE,IN,0.26005672179555306,KEN,IND
"('CL', 'SA')",CL,SA,0.25948785156507337,CHL,SAU
"('PE', 'SA')",PE,SA,0.25771141161936595,PER,SAU
"('IN', 'SC')",IN,SC,0.2572060057864187,IND,SYC
"('IN', 'AT')",IN,AT,0.25703214140532005,IND,AUT
"('IS', 'SA')",IS,SA,0.2554941736843407,ISL,SAU
"('FI', 'SA')",FI,SA,0.2552976599442901,FIN,SAU
"('ZA', 'IN')",ZA,IN,0.2542860507883673,ZAF,IND
"('US', 'IN')",US,IN,0.25419100150486695,USA,IND
"('CO', 'SA')",CO,SA,0.25366752677018456,COL,SAU
"('NZ', 'IN')",NZ,IN,0.25360658308255424,NZL,IND
"('UA', 'SA')",UA,SA,0.2531471956269895,UKR,SAU
"('JP', 'SA')",JP,SA,0.2529868956015806,JPN,SAU
"('NL', 'SA')",NL,SA,0.2524084120240373,NLD,SAU
"('LT', 'IN')",LT,IN,0.2516433138873544,LTU,IND
"('NZ', 'SA')",NZ,SA,0.25134866856800453,NZL,SAU
"('NO', 'TR')",NO,TR,0.25060504670107187,NOR,TUR
"('CA', 'TR')",CA,TR,0.2501714196175442,CAN,TUR
"('SK', 'IN')",SK,IN,0.24937347005213462,SVK,IND
"('BR', 'SA')",BR,SA,0.24917199438129845,BRA,SAU
"('KE', 'SA')",KE,SA,0.2480603011769673,KEN,SAU
"('US', 'SA')",US,SA,0.2477209296060754,USA,SAU
"('MX', 'IN')",MX,IN,0.2474136540466123,MEX,IND
"('SA', 'CR')",SA,CR,0.24716870557437898,SAU,CRI
"('AU', 'IN')",AU,IN,0.24665160587382973,AUS,IND
"('KR', 'MY')",KR,MY,0.2459524740580208,KOR,MYS
"('SE', 'TR')",SE,TR,0.24552214967607744,SWE,TUR
"('TR', 'DZ')",TR,DZ,0.2451549841588364,TUR,DZA
"('LT', 'SA')",LT,SA,0.2429417092107471,LTU,SAU
"('ZA', 'SA')",ZA,SA,0.24243536833758306,ZAF,SAU
"('HU', 'SA')",HU,SA,0.2423554438360671,HUN,SAU
"('IN', 'CZ')",IN,CZ,0.24192556176120072,IND,CZE
"('KR', 'HK')",KR,HK,0.24117096788394798,KOR,HKG
"('IL', 'SA')",IL,SA,0.24112856520237613,ISR,SAU
"('RU', 'LI')",RU,LI,0.23999531238815375,RUS,LIE
"('IN', 'PT')",IN,PT,0.2396751649134805,IND,PRT
"('SA', 'AT')",SA,AT,0.23931248469726385,SAU,AUT
"('KR', 'CN')",KR,CN,0.23856627434291422,KOR,CHN
"('SC', 'SA')",SC,SA,0.23818686601298322,SYC,SAU
"('HU', 'IN')",HU,IN,0.237881927097363,HUN,IND
"('IN', 'IS')",IN,IS,0.23785343965072803,IND,ISL
"('ES', 'SA')",ES,SA,0.23734378411580737,ESP,SAU
"('AU', 'SA')",AU,SA,0.2369197292846672,AUS,SAU
"('DK', 'SA')",DK,SA,0.23676112255921922,DNK,SAU
"('FR', 'TR')",FR,TR,0.23613730937557953,FRA,TUR
"('IN', 'MD')",IN,MD,0.23583366615632484,IND,MDA
"('NL', 'IN')",NL,IN,0.23551685953788426,NLD,IND
"('LU', 'TR')",LU,TR,0.23529142649116763,LUX,TUR
"('TR', 'GR')",TR,GR,0.23485963286175615,TUR,GRC
"('ID', 'IN')",ID,IN,0.23443326376141194,IDN,IND
"('MX', 'SA')",MX,SA,0.2343140916453179,MEX,SAU
"('RO', 'TR')",RO,TR,0.2331910196413668,ROU,TUR
"('ES', 'IN')",ES,IN,0.23267019134937694,ESP,IND
"('MD', 'SA')",MD,SA,0.23212544339913888,MDA,SAU
"('ID', 'RU')",ID,RU,0.23208122428878075,IDN,RUS
"('JP', 'RU')",JP,RU,0.23078477870488934,JPN,RUS
"('NO', 'SA')",NO,SA,0.23002506798062827,NOR,SAU
"('PE', 'RU')",PE,RU,0.2296216598530083,PER,RUS
"('VN', 'CN')",VN,CN,0.22911651550202816,VNM,CHN
"('CL', 'RU')",CL,RU,0.22840176228992815,CHL,RUS
"('CO', 'RU')",CO,RU,0.22527342777199977,COL,RUS
"('BE', 'TR')",BE,TR,0.22478062415513456,BEL,TUR
"('DZ', 'SA')",DZ,SA,0.22468459678082908,DZA,SAU
"('RU', 'CZ')",RU,CZ,0.22425491980252277,RUS,CZE
"('RU', 'BR')",RU,BR,0.22398799146547765,RUS,BRA
"('SE', 'SA')",SE,SA,0.22352227003396985,SWE,SAU
"('TW', 'TR')",TW,TR,0.22254913484065875,TWN,TUR
"('LU', 'SA')",LU,SA,0.22222166647184893,LUX,SAU
"('NZ', 'RU')",NZ,RU,0.22209061759919924,NZL,RUS
"('RU', 'PT')",RU,PT,0.22136908659322163,RUS,PRT
"('RU', 'CR')",RU,CR,0.22119738619265816,RUS,CRI
"('IN', 'PL')",IN,PL,0.2208652916386029,IND,POL
"('KE', 'RU')",KE,RU,0.22022029504872986,KEN,RUS
"('IN', 'IL')",IN,IL,0.21963026251989937,IND,ISR
"('BG', 'SA')",BG,SA,0.21912148134556597,BGR,SAU
"('RU', 'IS')",RU,IS,0.21884917122098635,RUS,ISL
"('RU', 'MY')",RU,MY,0.21689364184585624,RUS,MYS
"('CA', 'SA')",CA,SA,0.2168820266276852,CAN,SAU
"('US', 'RU')",US,RU,0.21685317227528034,USA,RUS
"('NL', 'RU')",NL,RU,0.21609512946790577,NLD,RUS
"('FR', 'SA')",FR,SA,0.21594567696188793,FRA,SAU
"('RU', 'AT')",RU,AT,0.21391790565753444,RUS,AUT
"('IN', 'CA')",IN,CA,0.21296333910039544,IND,CAN
"('LT', 'RU')",LT,RU,0.2119722220187069,LTU,RUS
"('ZA', 'RU')",ZA,RU,0.21182850154223465,ZAF,RUS
"('MX', 'RU')",MX,RU,0.21180332906548704,MEX,RUS
"('SE', 'IN')",SE,IN,0.2111576474065292,SWE,IND
"('RO', 'SA')",RO,SA,0.21113739308730972,ROU,SAU
"('BE', 'SA')",BE,SA,0.21061262380854018,BEL,SAU
"('TW', 'RU')",TW,RU,0.2093553362209024,TWN,RUS
"('IN', 'DK')",IN,DK,0.20884154047326442,IND,DNK
"('MD', 'RU')",MD,RU,0.20816519431403868,MDA,RUS
"('SA', 'GR')",SA,GR,0.20776887979879888,SAU,GRC
"('RU', 'IL')",RU,IL,0.20720017198009322,RUS,ISR
"('HU', 'RU')",HU,RU,0.20707423740165254,HUN,RUS
"('RU', 'SC')",RU,SC,0.20698595141400944,RUS,SYC
"('AU', 'RU')",AU,RU,0.20582322307115175,AUS,RUS
"('ES', 'RU')",ES,RU,0.20505325272598807,ESP,RUS
"('IN', 'GR')",IN,GR,0.20272062259494739,IND,GRC
"('TW', 'SA')",TW,SA,0.2024990016946826,TWN,SAU
"('RO', 'IN')",RO,IN,0.20067623933085876,ROU,IND
"('RU', 'FI')",RU,FI,0.19915309483575516,RUS,FIN
"('RS', 'SA')",RS,SA,0.19871061681011848,SRB,SAU
"('VN', 'SA')",VN,SA,0.19841342849047428,VNM,SAU
"('IN', 'DZ')",IN,DZ,0.1978510567420918,IND,DZA
"('FR', 'IN')",FR,IN,0.19774434362555682,FRA,IND
"('IN', 'BE')",IN,BE,0.19766075355830726,IND,BEL
"('IN', 'MY')",IN,MY,0.19732821143090384,IND,MYS
"('IN', 'NO')",IN,NO,0.19714071698923963,IND,NOR
"('RU', 'DZ')",RU,DZ,0.19586727802260417,RUS,DZA
"('BZ', 'SA')",BZ,SA,0.19520693324393845,BLZ,SAU
"('RU', 'DK')",RU,DK,0.1949542433937641,RUS,DNK
"('IN', 'TW')",IN,TW,0.19357462241319023,IND,TWN
"('IN', 'FI')",IN,FI,0.1930273698584789,IND,FIN
"('SE', 'RU')",SE,RU,0.19271170901932444,SWE,RUS
"('KR', 'PE')",KR,PE,0.19265909215163046,KOR,PER
"('KR', 'LI')",KR,LI,0.19257704175001,KOR,LIE
"('CO', 'KR')",CO,KR,0.19016289257210972,COL,KOR
"('LU', 'IN')",LU,IN,0.18944827162636735,LUX,IND
"('NO', 'RU')",NO,RU,0.18891702887074346,NOR,RUS
"('RU', 'CA')",RU,CA,0.18669417602668226,RUS,CAN
"('KR', 'BR')",KR,BR,0.18486380379074407,KOR,BRA
"('BG', 'RU')",BG,RU,0.18460799203685518,BGR,RUS
"('RO', 'RU')",RO,RU,0.18389611490351576,ROU,RUS
"('KR', 'CR')",KR,CR,0.18351022108791515,KOR,CRI
"('LU', 'RU')",LU,RU,0.18291000098757826,LUX,RUS
"('KR', 'JP')",KR,JP,0.1818704634746071,KOR,JPN
"('FR', 'RU')",FR,RU,0.1817115582511627,FRA,RUS
"('KR', 'US')",KR,US,0.17860664108297986,KOR,USA
"('KR', 'KE')",KR,KE,0.17789389454833016,KOR,KEN
"('KR', 'SK')",KR,SK,0.17776123924411302,KOR,SVK
"('KR', 'NZ')",KR,NZ,0.1771323581455837,KOR,NZL
"('RU', 'GR')",RU,GR,0.17630950709910853,RUS,GRC
"('KR', 'NL')",KR,NL,0.17580819960961447,KOR,NLD
"('RU', 'BE')",RU,BE,0.17575753304537478,RUS,BEL
"('KR', 'CZ')",KR,CZ,0.17553666966744752,KOR,CZE
"('KR', 'ZA')",KR,ZA,0.1745663155333983,KOR,ZAF
"('KR', 'ID')",KR,ID,0.17413551885603096,KOR,IDN
"('KR', 'PT')",KR,PT,0.17372489478061437,KOR,PRT
"('KR', 'AT')",KR,AT,0.17292283180246515,KOR,AUT
"('KR', 'SC')",KR,SC,0.1719164811712165,KOR,SYC
"('KR', 'PL')",KR,PL,0.17170461585176178,KOR,POL
"('UA', 'KR')",UA,KR,0.17030109410024918,UKR,KOR
"('KR', 'IS')",KR,IS,0.1694406505680538,KOR,ISL
"('BZ', 'RU')",BZ,RU,0.16904619443625357,BLZ,RUS
"('KR', 'HU')",KR,HU,0.16900734828121233,KOR,HUN
"('KR', 'LT')",KR,LT,0.16852404531323584,KOR,LTU
"('KR', 'AU')",KR,AU,0.16708358534384682,KOR,AUS
"('KR', 'MX')",KR,MX,0.1669403901828148,KOR,MEX
"('AD', 'SA')",AD,SA,0.1641641894914071,AND,SAU
"('BZ', 'TR')",BZ,TR,0.1636535130061193,BLZ,TUR
"('KR', 'MD')",KR,MD,0.16325217018791105,KOR,MDA
"('KR', 'IN')",KR,IN,0.16051639330065426,KOR,IND
"('KR', 'ES')",KR,ES,0.16035008559822095,KOR,ESP
"('SG', 'TR')",SG,TR,0.16033993104157718,SGP,TUR
"('KR', 'IL')",KR,IL,0.15877981801446384,KOR,ISR
"('IN', 'SA')",IN,SA,0.1551576255827013,IND,SAU
"('KR', 'CL')",KR,CL,0.1549178647519689,KOR,CHL
"('KR', 'DK')",KR,DK,0.15218369443233015,KOR,DNK
"('KR', 'DZ')",KR,DZ,0.15087226640329188,KOR,DZA
"('KR', 'SE')",KR,SE,0.150133548674659,KOR,SWE
"('RU', 'VE')",RU,VE,0.14952460454127536,RUS,VEN
"('RU', 'RS')",RU,RS,0.1492622412426975,RUS,SRB
"('KR', 'CA')",KR,CA,0.14798645041373204,KOR,CAN
"('KR', 'FI')",KR,FI,0.1479722559571207,KOR,FIN
"('SG', 'RU')",SG,RU,0.14776766789643236,SGP,RUS
"('KR', 'TW')",KR,TW,0.1475095566837108,KOR,TWN
"('VN', 'RU')",VN,RU,0.14691211282049665,VNM,RUS
"('KR', 'NO')",KR,NO,0.14620122550324333,KOR,NOR
"('RS', 'TR')",RS,TR,0.14587547686796998,SRB,TUR
"('KR', 'RO')",KR,RO,0.14579865503943945,KOR,ROU
"('KR', 'LU')",KR,LU,0.14387563658039793,KOR,LUX
"('KR', 'BG')",KR,BG,0.14353017739462492,KOR,BGR
"('KR', 'FR')",KR,FR,0.1434056247130302,KOR,FRA
"('VN', 'TR')",VN,TR,0.14178757199121717,VNM,TUR
"('KR', 'GR')",KR,GR,0.14023556468339637,KOR,GRC
"('IN', 'RS')",IN,RS,0.13877871274148124,IND,SRB
"('BZ', 'IN')",BZ,IN,0.1380129705602089,BLZ,IND
"('KR', 'BE')",KR,BE,0.13789367980903477,KOR,BEL
"('TW', 'VE')",TW,VE,0.1367972915141974,TWN,VEN
"('KR', 'VN')",KR,VN,0.12316718095910706,KOR,VNM
"('CN', 'AD')",CN,AD,0.11693733657917749,CHN,AND
"('IN', 'SG')",IN,SG,0.11545523710648897,IND,SGP
"('VN', 'IN')",VN,IN,0.11348995123266992,VNM,IND
"('BZ', 'VE')",BZ,VE,0.10923270776487459,BLZ,VEN
"('KR', 'BZ')",KR,BZ,0.10586766959286109,KOR,BLZ
"('KR', 'RS')",KR,RS,0.10170804622781526,KOR,SRB
"('RU', 'AD')",RU,AD,0.09806597248567428,RUS,AND
"('KR', 'SG')",KR,SG,0.09150105197958103,KOR,SGP
"('ID', 'VE')",ID,VE,0.06767912728236103,IDN,VEN
"('VN', 'VE')",VN,VE,0.06624187983841046,VNM,VEN
"('JP', 'VE')",JP,VE,0.05895325067237267,JPN,VEN
"('KR', 'AD')",KR,AD,0.05140402351591644,KOR,AND
"('AD', 'TR')",AD,TR,0.05021879075139668,AND,TUR
"('IN', 'VE')",IN,VE,0.044995713553676264,IND,VEN
"('NZ', 'VE')",NZ,VE,0.039031561680607174,NZL,VEN
"('CO', 'VE')",CO,VE,0.03686295206747581,COL,VEN
"('SE', 'VE')",SE,VE,0.03672941216472514,SWE,VEN
"('MD', 'VE')",MD,VE,0.03462718841460466,MDA,VEN
"('KR', 'VE')",KR,VE,0.03343700664490468,KOR,VEN
"('AU', 'VE')",AU,VE,0.03136400033745923,AUS,VEN
"('IN', 'AD')",IN,AD,0.027812307683991677,IND,AND
"('VE', 'IL')",VE,IL,0.02721560013512303,VEN,ISR
"('KE', 'VE')",KE,VE,0.027114382828706596,KEN,VEN
"('VE', 'PT')",VE,PT,0.02639674827091021,VEN,PRT
"('VE', 'BR')",VE,BR,0.023472661431629516,VEN,BRA
"('CL', 'VE')",CL,VE,0.020153379841959973,CHL,VEN
"('IS', 'VE')",IS,VE,0.01943080009573339,ISL,VEN
"('VE', 'SA')",VE,SA,0.018912087555853496,VEN,SAU
"('US', 'VE')",US,VE,0.018381133553945994,USA,VEN
"('RO', 'VE')",RO,VE,0.01663171042185696,ROU,VEN
"('SK', 'VE')",SK,VE,0.01566485373711679,SVK,VEN
"('HK', 'VE')",HK,VE,0.015080868339304443,HKG,VEN
"('BE', 'VE')",BE,VE,0.014228103114394819,BEL,VEN
"('PE', 'VE')",PE,VE,0.013253114434167879,PER,VEN
"('HU', 'VE')",HU,VE,0.012880189958438981,HUN,VEN
"('NL', 'VE')",NL,VE,0.012534050389774731,NLD,VEN
"('VE', 'CZ')",VE,CZ,0.011761006114624606,VEN,CZE
"('ES', 'VE')",ES,VE,0.01116450906838784,ESP,VEN
"('CN', 'VE')",CN,VE,0.011118682643101452,CHN,VEN
"('MX', 'VE')",MX,VE,0.009381889574104907,MEX,VEN
"('VE', 'PL')",VE,PL,0.008500888722120625,VEN,POL
"('VE', 'AT')",VE,AT,0.008235262868164117,VEN,AUT
"('FR', 'VE')",FR,VE,0.006665385526320455,FRA,VEN
"('MY', 'VE')",MY,VE,0.006241105523077328,MYS,VEN
"('CA', 'VE')",CA,VE,0.005001931962849038,CAN,VEN
"('BG', 'VE')",BG,VE,0.004722887914109353,BGR,VEN
"('VE', 'SC')",VE,SC,0.004110031684534721,VEN,SYC
"('LT', 'VE')",LT,VE,0.0039842000161097735,LTU,VEN
"('VE', 'DK')",VE,DK,0.003804681035885271,VEN,DNK
"('NO', 'VE')",NO,VE,0.003115994511142639,NOR,VEN
"('UA', 'VE')",UA,VE,0.002876680372948859,UKR,VEN
"('VE', 'TR')",VE,TR,0.0028407770718295033,VEN,TUR
"('LU', 'VE')",LU,VE,0.0020145836738780787,LUX,VEN
"('FI', 'VE')",FI,VE,0.0,FIN,VEN
"('RS', 'VE')",RS,VE,0.0,SRB,VEN
"('SG', 'VE')",SG,VE,0.0,SGP,VEN
"('VE', 'CR')",VE,CR,0.0,VEN,CRI
"('VE', 'DZ')",VE,DZ,0.0,VEN,DZA
"('VE', 'GR')",VE,GR,0.0,VEN,GRC
"('AD', 'VE')",AD,VE,0.0,AND,VEN
"('VE', 'LI')",VE,LI,0.0,VEN,LIE
"('ZA', 'VE')",ZA,VE,0.0,ZAF,VEN
